name,datetime,temp,feelslike,dew,humidity,precip,precipprob,preciptype,snow,snowdepth,windgust,windspeed,winddir,sealevelpressure,cloudcover,visibility,solarradiation,solarenergy,uvindex,severerisk,conditions,icon,stations
"35.19,116.06",2022-11-28T00:00:00,46.5,41.3,40,78.02,0,0,,0,0,13,11.2,342.7,1012,100,15,0,,0,10,Overcast,cloudy,remote
"35.19,116.06",2022-11-28T01:00:00,45.9,40.8,39.6,78.53,0,0,,0,0,12.3,10.5,340.2,1012,100,15,0,,0,10,Overcast,cloudy,remote
"35.19,116.06",2022-11-28T02:00:00,45.4,39.6,39.8,80.71,0,0,,0,0,15.2,12.3,334.9,1013,100,15,0,,0,10,Overcast,cloudy,remote
"35.19,116.06",2022-11-28T03:00:00,45,39.1,40,82.4,0,0,,0,0,15.9,12.3,337.3,1013,100,15,0,,0,10,Overcast,cloudy,remote
"35.19,116.06",2022-11-28T04:00:00,44.5,38.9,40.4,85.29,0.02,100,rain,0,0,15.2,11,353.7,1012,100,7,0,,0,10,"Rain, Overcast",rain,remote
"35.19,116.06",2022-11-28T05:00:00,45,40.2,40.5,84.14,0.012,100,rain,0,0,13.4,9.2,12.2,1011,100,15,0,,0,10,"Rain, Overcast",rain,remote
"35.19,116.06",2022-11-28T06:00:00,45.8,40.3,41.1,83.6,0,0,,0,0,17,11.4,339.4,1012,100,15,0,,0,10,Overcast,cloudy,remote
"35.19,116.06",2022-11-28T07:00:00,44.7,38.9,41.1,87.1,0.004,100,rain,0,0,20.1,11.6,346.4,1013,100,11.5,0,,0,10,"Rain, Overcast",rain,remote
"35.19,116.06",2022-11-28T08:00:00,45,39.3,40.9,85.32,0.008,100,rain,0,0,18.8,11.6,356.4,1013,100,15,1,0,0,10,"Rain, Overcast",rain,remote
"35.19,116.06",2022-11-28T09:00:00,45.4,39.6,40.7,83.58,0.004,14.3,rain,0,0,19.7,12.1,342.1,1014,100,15,6,0,0,10,Overcast,cloudy,
"35.19,116.06",2022-11-28T10:00:00,46.1,40.7,40.7,81.33,0.004,14.3,rain,0,0,18.8,11.4,335.6,1015,100,15,18,0.1,0,10,Overcast,cloudy,
"35.19,116.06",2022-11-28T11:00:00,46.8,41.1,40.9,79.71,0,14.3,,0,0,21.5,13.2,350.6,1015,100,15,58,0.2,1,10,Overcast,cloudy,
"35.19,116.06",2022-11-28T12:00:00,48.3,42.7,41.3,76.57,0,14.3,,0,0,22.6,13.9,352,1014,97.8,15,105,0.4,1,10,Overcast,cloudy,
"35.19,116.06",2022-11-28T13:00:00,53.7,53.7,41.8,64.02,0,14.3,,0,0,22.8,15.2,351.1,1014,96.6,15,214,0.8,2,10,Overcast,cloudy,
"35.19,116.06",2022-11-28T14:00:00,55.1,55.1,40.5,57.86,0,14.3,,0,0,24.2,17.4,347.9,1015,100,15,239,0.9,2,10,Overcast,cloudy,
"35.19,116.06",2022-11-28T15:00:00,55.5,55.5,39.1,54,0,0,,0,0,27.3,16.8,350.1,1016,100,15,216,0.8,2,10,Overcast,cloudy,
"35.19,116.06",2022-11-28T16:00:00,53.7,53.7,35.7,50.4,0,0,,0,0,31.3,16.6,353.3,1017,100,15,105,0.4,1,10,Overcast,cloudy,
"35.19,116.06",2022-11-28T17:00:00,51.9,51.9,32.8,48,0,0,,0,0,32.7,17.4,357.7,1017,100,15,27,0.1,0,10,Overcast,cloudy,
"35.19,116.06",2022-11-28T18:00:00,50.6,50.6,33.3,51.39,0,0,,0,0,33.8,17,12.9,1017,100,15,0,,0,10,Overcast,cloudy,
"35.19,116.06",2022-11-28T19:00:00,49.7,44.6,33.3,53.14,0,0,,0,0,31.5,13.6,5.3,1019,100,15,0,,0,10,Overcast,cloudy,
"35.19,116.06",2022-11-28T20:00:00,49.7,44.7,33.7,53.91,0,0,,0,0,32.9,13.4,5.3,1020,100,15,0,,0,10,Overcast,cloudy,
"35.19,116.06",2022-11-28T21:00:00,49.7,44.6,35,56.69,0,0,,0,0,31.3,13.6,3.7,1020,100,15,0,,0,10,Overcast,cloudy,
"35.19,116.06",2022-11-28T22:00:00,49.5,45.2,35.9,59.14,0,0,,0,0,28.9,11,4.4,1022,100,15,0,,0,10,Overcast,cloudy,
"35.19,116.06",2022-11-28T23:00:00,48.6,43.9,36.2,62.04,0,0,,0,0,27.5,11.4,357.8,1022,100,15,0,,0,10,Overcast,cloudy,
"35.19,116.06",2022-11-29T00:00:00,47.4,42.3,35.5,63.21,0,0,,0,0,26.6,11.4,353.4,1023,100,15,0,,0,10,Overcast,cloudy,
"35.19,116.06",2022-11-29T01:00:00,46.8,40.4,28.7,48.98,0,0,,0,0,30.9,15.7,2.5,1023,100,15,0,,0,10,Overcast,cloudy,
"35.19,116.06",2022-11-29T02:00:00,45.8,38.3,15.5,29.31,0,0,,0,0,33.8,19,6,1024,94.7,15,0,,0,10,Overcast,cloudy,
"35.19,116.06",2022-11-29T03:00:00,42,33.5,10.5,27.12,0,4.8,,0,0,33.3,18.1,13.1,1025,100,15,0,,0,10,Overcast,cloudy,
"35.19,116.06",2022-11-29T04:00:00,39.5,29.9,8,26.71,0,4.8,,0,0,34,19.5,16.7,1025,100,15,0,,0,10,Overcast,cloudy,
"35.19,116.06",2022-11-29T05:00:00,37.8,28,7.6,27.99,0,4.8,,0,0,34,18.8,26.3,1026,100,15,0,,0,10,Overcast,cloudy,
"35.19,116.06",2022-11-29T06:00:00,36.2,25.9,4.2,25.53,0,4.8,,0,0,34.2,18.8,22.9,1028,72.3,15,0,,0,10,Partially cloudy,partly-cloudy-night,
"35.19,116.06",2022-11-29T07:00:00,33.9,22.8,1.5,24.73,0,4.8,,0,0,35.3,18.8,24.1,1029,100,15,0,,0,10,Overcast,cloudy,
"35.19,116.06",2022-11-29T08:00:00,34.2,23.6,2.4,25.42,0,4.8,,0,0,34.2,17.7,25.7,1030,88.9,15,21,0.1,0,10,Partially cloudy,partly-cloudy-day,
"35.19,116.06",2022-11-29T09:00:00,35.3,24.6,1.1,22.96,0,9.5,,0,0,29.8,19.2,23,1032,100,15,179,0.6,2,10,Overcast,cloudy,
"35.19,116.06",2022-11-29T10:00:00,36,25.3,0.8,21.95,0,9.5,,0,0,27.3,19.9,25.3,1033,87.5,15,198,0.7,2,10,Partially cloudy,partly-cloudy-day,
"35.19,116.06",2022-11-29T11:00:00,37.7,27.4,-1.2,18.76,0,9.5,,0,0,25.7,19.9,20.6,1034,100,15,414,1.5,4,10,Overcast,cloudy,
"35.19,116.06",2022-11-29T12:00:00,38.2,28.5,-1.9,17.75,0,9.5,,0,0,23.9,18.6,15.3,1034,100,15,365,1.3,4,10,Overcast,cloudy,
"35.19,116.06",2022-11-29T13:00:00,38.4,28.7,-1.8,17.78,0,9.5,,0,0,24.4,18.8,16.9,1033,100,15,415,1.5,4,10,Overcast,cloudy,
"35.19,116.06",2022-11-29T14:00:00,38.2,28.6,-1.9,17.75,0,9.5,,0,0,22.6,18.3,12.4,1034,99,15,382,1.4,4,10,Overcast,cloudy,
"35.19,116.06",2022-11-29T15:00:00,37.3,27.5,-1.9,18.39,0,0,,0,0,22.4,18.1,11.3,1034,99.8,15,293,1.1,3,10,Overcast,cloudy,
"35.19,116.06",2022-11-29T16:00:00,36.4,26.7,-0.7,20.22,0,0,,0,0,21.9,16.8,16.5,1035,100,15,155,0.6,2,10,Overcast,cloudy,
"35.19,116.06",2022-11-29T17:00:00,34.6,25,-0.5,21.9,0,0,,0,0,22.1,14.8,21.3,1036,86.7,15,39,0.1,0,10,Partially cloudy,partly-cloudy-day,
"35.19,116.06",2022-11-29T18:00:00,33.5,23.9,-1.4,21.92,0,0,,0,0,21,14.1,25.1,1038,100,15,0,,0,10,Overcast,cloudy,
"35.19,116.06",2022-11-29T19:00:00,32.3,23.2,-2.3,22.09,0,0,,0,0,21.3,11.9,32.1,1039,100,15,0,,0,10,Overcast,cloudy,
"35.19,116.06",2022-11-29T20:00:00,31.9,23.5,-3.7,20.93,0,0,,0,0,19.5,10.3,36.1,1040,100,15,0,,0,10,Overcast,cloudy,
"35.19,116.06",2022-11-29T21:00:00,30.8,20.9,-4.8,20.76,0,0,,0,0,20.4,13,25.2,1041,100,15,0,,0,10,Overcast,cloudy,
"35.19,116.06",2022-11-29T22:00:00,29.6,18.6,-7.2,19.52,0,0,,0,0,22.1,14.8,23.6,1042,100,15,0,,0,10,Overcast,cloudy,
"35.19,116.06",2022-11-29T23:00:00,28.1,17.2,-7.2,20.7,0,0,,0,0,22.4,13.6,25.4,1042,93.5,15,0,,0,10,Overcast,cloudy,
"35.19,116.06",2022-11-30T00:00:00,26.5,15.3,-9.9,19.39,0,0,,0,0,22.4,13.2,24.4,1043,5.5,15,0,,0,10,Clear,clear-night,
"35.19,116.06",2022-11-30T01:00:00,24.3,13.7,-10.8,20.29,0,0,,0,0,22.8,11,20.7,1043,100,15,0,,0,10,Overcast,cloudy,
"35.19,116.06",2022-11-30T02:00:00,23.4,12.7,-12.6,19.26,0,0,,0,0,23.9,10.7,23.3,1043,100,15,0,,0,10,Overcast,cloudy,
"35.19,116.06",2022-11-30T03:00:00,22.7,12.3,-14,18.47,0,0,,0,0,23.7,9.8,26.6,1043,100,15,0,,0,10,Overcast,cloudy,
"35.19,116.06",2022-11-30T04:00:00,22.4,12.6,-15.1,17.76,0,0,,0,0,22.1,8.7,23.3,1043,100,15,0,,0,10,Overcast,cloudy,
"35.19,116.06",2022-11-30T05:00:00,22.2,11.9,-16.2,16.94,0,0,,0,0,21.9,9.4,20.5,1043,100,15,0,,0,10,Overcast,cloudy,
"35.19,116.06",2022-11-30T06:00:00,21.5,12,-16.3,17.3,0,0,,0,0,20.4,8.1,20.4,1044,100,15,0,,0,10,Overcast,cloudy,
"35.19,116.06",2022-11-30T07:00:00,21.1,12.2,-16.2,17.73,0,0,,0,0,19,7.2,12.9,1044,100,15,0,,0,10,Overcast,cloudy,
"35.19,116.06",2022-11-30T08:00:00,22,12.3,-18,15.57,0,0,,0,0,17.9,8.5,14.7,1044,100,15,32,0.1,0,10,Overcast,cloudy,
"35.19,116.06",2022-11-30T09:00:00,24,14.4,-19.2,13.43,0,0,,0,0,14.1,8.9,18.5,1045,99.9,15,163,0.6,2,10,Overcast,cloudy,
"35.19,116.06",2022-11-30T10:00:00,26.3,17.3,-19.4,12.07,0,0,,0,0,13.2,8.9,14.6,1045,69.1,15,317,1.1,3,10,Partially cloudy,partly-cloudy-day,
"35.19,116.06",2022-11-30T11:00:00,28.7,19.9,-19,11.17,0,0,,0,0,12.8,9.4,17.8,1045,100,15,478,1.7,5,10,Overcast,cloudy,
"35.19,116.06",2022-11-30T12:00:00,29.9,21.5,-18.1,11.11,0,0,,0,0,11.9,9.4,11.5,1044,100,15,470,1.7,5,10,Overcast,cloudy,
"35.19,116.06",2022-11-30T13:00:00,30.6,22,-17.4,11.2,0,0,,0,0,12.3,10.1,6.3,1042,100,15,488,1.8,5,10,Overcast,cloudy,
"35.19,116.06",2022-11-30T14:00:00,31.2,23.3,-17.2,11.06,0,0,,0,0,10.7,8.9,4.9,1041,100,15,418,1.5,4,10,Overcast,cloudy,
"35.19,116.06",2022-11-30T15:00:00,31.5,24,-17.1,11,0,0,,0,0,10.3,8.5,7.6,1040,100,15,339,1.2,3,10,Overcast,cloudy,
"35.19,116.06",2022-11-30T16:00:00,30.6,22.8,-16.7,11.62,0,0,,0,0,9.6,8.7,12.3,1040,100,15,178,0.6,2,10,Overcast,cloudy,
"35.19,116.06",2022-11-30T17:00:00,29.2,22.3,-13.5,14.51,0,0,,0,0,9.6,6.7,13,1041,100,15,41,0.1,0,10,Overcast,cloudy,
"35.19,116.06",2022-11-30T18:00:00,28.8,23.2,-11.8,15.97,0,0,,0,0,7.2,5.1,20.3,1041,100,15,0,,0,10,Overcast,cloudy,
"35.19,116.06",2022-11-30T19:00:00,28.8,23.9,-13.3,14.86,0,0,,0,0,5.8,4.5,21.1,1041,100,15,0,,0,10,Overcast,cloudy,
"35.19,116.06",2022-11-30T20:00:00,28.8,24.7,-13.1,14.99,0,0,snow,0,0,4.7,3.8,20.9,1041,100,6.4,0,,0,10,Overcast,cloudy,
"35.19,116.06",2022-11-30T21:00:00,28.8,28.8,-11.8,15.97,0,0,,0,0,3.4,2.7,27.9,1041,100,15,0,,0,10,Overcast,cloudy,
"35.19,116.06",2022-11-30T22:00:00,28.5,28.5,-9.5,18.19,0,0,,0,0,2.5,2,47.7,1041,100,15,0,,0,10,Overcast,cloudy,
"35.19,116.06",2022-11-30T23:00:00,27.6,27.6,-8.8,19.56,0,0,,0,0,2.5,2.5,37.1,1040,100,15,0,,0,10,Overcast,cloudy,
"35.19,116.06",2022-12-01T00:00:00,26.1,26.1,-9.3,20.21,0,0,,0,0,2,2.2,122.7,1040,99.8,15,0,,0,10,Overcast,cloudy,
"35.19,116.06",2022-12-01T01:00:00,25.1,25.1,-9.7,20.77,0,0,,0,0,1.6,1.6,115.8,1040,5,15,0,,0,10,Clear,clear-night,
"35.19,116.06",2022-12-01T02:00:00,24.3,24.3,-9.9,21.21,0,0,,0,0,1.8,1.8,136.6,1039,74.9,15,0,,0,10,Partially cloudy,partly-cloudy-night,
"35.19,116.06",2022-12-01T03:00:00,24.5,24.5,-9.7,21.24,0,0,,0,0,2.9,2.9,125.5,1038,100,15,0,,0,10,Overcast,cloudy,
"35.19,116.06",2022-12-01T04:00:00,24.3,24.3,-9.3,21.78,0,0,,0,0,2.5,2.5,145.2,1038,55,15,0,,0,10,Partially cloudy,partly-cloudy-night,
"35.19,116.06",2022-12-01T05:00:00,23.6,19,-9.3,22.45,0,0,,0,0,3.6,3.6,157.9,1038,100,15,0,,0,10,Overcast,cloudy,
"35.19,116.06",2022-12-01T06:00:00,23.8,19.8,-9.1,22.48,0,0,,0,0,3.1,3.1,162.3,1037,99.9,15,0,,0,10,Overcast,cloudy,
"35.19,116.06",2022-12-01T07:00:00,23.6,18.7,-9.1,22.65,0,0,,0,0,3.6,3.8,175.1,1038,100,15,0,,0,10,Overcast,cloudy,
"35.19,116.06",2022-12-01T08:00:00,25.6,21.9,-8.8,21.22,0,0,,0,0,4.5,3.1,180.9,1038,59.6,15,32,0.1,0,10,Partially cloudy,partly-cloudy-day,
"35.19,116.06",2022-12-01T09:00:00,28.8,24.2,-10.9,16.7,0,0,,0,0,4.7,4.3,176.5,1038,100,15,186,0.7,2,10,Overcast,cloudy,
"35.19,116.06",2022-12-01T10:00:00,31.5,26.8,-12.2,14.05,0,0,,0,0,5.4,4.7,190.2,1038,96.3,15,314,1.1,3,10,Overcast,cloudy,
"35.19,116.06",2022-12-01T11:00:00,33.7,28.8,-12.2,12.89,0,0,,0,0,6,5.4,212.4,1038,100,15,412,1.5,4,10,Overcast,cloudy,
"35.19,116.06",2022-12-01T12:00:00,35.3,30.2,-11.3,12.63,0,0,,0,0,7.4,6,223.5,1037,100,15,446,1.6,4,10,Overcast,cloudy,
"35.19,116.06",2022-12-01T13:00:00,36,31.2,-10.2,12.95,0,0,,0,0,7.2,5.8,233.5,1035,100,15,341,1.2,3,10,Overcast,cloudy,
"35.19,116.06",2022-12-01T14:00:00,37.1,32.3,-9,13.21,0,0,,0,0,6.9,6,238.2,1034,100,15,434,1.6,4,10,Overcast,cloudy,
"35.19,116.06",2022-12-01T15:00:00,36.9,32.3,-7.9,14.02,0,0,,0,0,7.2,5.8,248,1034,100,15,223,0.8,2,10,Overcast,cloudy,
"35.19,116.06",2022-12-01T16:00:00,36.8,32.9,-6.6,15.01,0,0,,0,0,6.5,4.7,243.2,1034,100,15,177,0.6,2,10,Overcast,cloudy,
"35.19,116.06",2022-12-01T17:00:00,35.1,32.2,-3.7,18.39,0,0,,0,0,3.6,3.6,204.1,1034,100,15,32,0.1,0,10,Overcast,cloudy,
"35.19,116.06",2022-12-01T18:00:00,34.4,31.1,-3.2,19.42,0,0,,0,0,3.8,3.8,179.7,1034,100,15,0,,0,10,Overcast,cloudy,
"35.19,116.06",2022-12-01T19:00:00,33.3,28.5,-2.7,20.8,0,0,,0,0,4.9,5.1,182.4,1035,100,15,0,,0,10,Overcast,cloudy,
"35.19,116.06",2022-12-01T20:00:00,33.3,28.3,-1.9,21.52,0,0,,0,0,5.8,5.4,181.1,1035,100,15,0,,0,10,Overcast,cloudy,
"35.19,116.06",2022-12-01T21:00:00,32.3,26.5,-1.4,23.06,0,0,,0,0,7.2,6,183.5,1034,100,15,0,,0,10,Overcast,cloudy,
"35.19,116.06",2022-12-01T22:00:00,31.5,25.8,-0.7,24.55,0,0,,0,0,6.7,5.8,178.1,1034,100,15,0,,0,10,Overcast,cloudy,
"35.19,116.06",2022-12-01T23:00:00,31,25,0,25.96,0,0,,0,0,7.4,6,173.9,1034,100,15,0,,0,10,Overcast,cloudy,
"35.19,116.06",2022-12-02T00:00:00,29.9,23.6,0.8,28.05,0,0,,0,0,7.2,6.3,180.7,1034,100,15,0,,0,10,Overcast,cloudy,
"35.19,116.06",2022-12-02T01:00:00,28.8,22.6,1.1,29.81,0,0,,0,0,5.8,5.8,189.5,1033,35.2,15,0,,0,10,Partially cloudy,partly-cloudy-night,
"35.19,116.06",2022-12-02T02:00:00,27.9,21,2,32.25,0,0,,0,0,6.3,6.5,187.7,1033,78.2,15,0,,0,10,Partially cloudy,partly-cloudy-night,
"35.19,116.06",2022-12-02T03:00:00,27.6,20.6,3.3,34.7,0,0,,0,0,6.5,6.5,189.8,1032,77.9,15,0,,0,10,Partially cloudy,partly-cloudy-night,
"35.19,116.06",2022-12-02T04:00:00,27,19.9,4.4,37.29,0,0,,0,0,8.1,6.5,192.3,1032,100,15,0,,0,10,Overcast,cloudy,
"35.19,116.06",2022-12-02T05:00:00,27,19.9,4.9,38.22,0,0,,0,0,8.3,6.5,186.6,1031,5,15,0,,0,10,Clear,clear-night,
"35.19,116.06",2022-12-02T06:00:00,26.1,18.9,5.4,40.66,0,0,,0,0,7.2,6.5,180.3,1031,75.5,15,0,,0,10,Partially cloudy,partly-cloudy-night,
"35.19,116.06",2022-12-02T07:00:00,26,18.5,5.8,41.64,0,0,,0,0,9.2,6.7,168.5,1031,100,15,0,,0,10,Overcast,cloudy,
"35.19,116.06",2022-12-02T08:00:00,28.5,21.5,6.9,39.43,0,0,,0,0,14.3,6.7,164.3,1031,100,15,29,0.1,0,10,Overcast,cloudy,
"35.19,116.06",2022-12-02T09:00:00,32.3,24,6.3,33,0,0,,0,0,16.6,10.1,159.2,1030,100,15,157,0.6,2,10,Overcast,cloudy,
"35.19,116.06",2022-12-02T10:00:00,35.3,27.6,5.3,27.8,0,0,,0,0,15.9,10.5,160.8,1030,100,13.5,188,0.7,2,10,Overcast,cloudy,
"35.19,116.06",2022-12-02T11:00:00,37.3,29.5,4,24.27,0.004,0,rain,0,0,16.8,11.9,173.5,1030,86.9,13.8,196,0.7,2,10,Partially cloudy,partly-cloudy-day,
"35.19,116.06",2022-12-02T12:00:00,38.7,31,3.6,22.56,0,0,,0,0,17,12.8,179.1,1028,92.3,9.5,277,1,3,10,Overcast,cloudy,
"35.19,116.06",2022-12-02T13:00:00,41.4,34.3,3.3,19.98,0,0,,0,0,16.8,13,177.2,1027,99.4,15,508,1.8,5,10,Overcast,cloudy,
"35.19,116.06",2022-12-02T14:00:00,42.9,35.9,3.5,19.06,0,0,,0,0,17.7,13.6,179.1,1025,2.9,15,452,1.6,5,10,Clear,clear-day,
"35.19,116.06",2022-12-02T15:00:00,43.2,36.3,4,19.27,0,0,,0,0,17.2,13.9,180.7,1025,0,15,390,1.4,4,10,Clear,clear-day,
"35.19,116.06",2022-12-02T16:00:00,42.5,36.1,6.9,22.59,0,0,,0,0,16.8,11.9,180.6,1025,0,15,229,0.8,2,10,Clear,clear-day,
"35.19,116.06",2022-12-02T17:00:00,38.6,32.3,8.5,28.34,0,0,,0,0,17.4,9.2,171,1024,0,15,55,0.2,1,10,Clear,clear-day,
"35.19,116.06",2022-12-02T18:00:00,36,29.4,10.5,34.2,0,0,,0,0,20.8,8.7,160.7,1025,0,15,0,,0,10,Clear,clear-night,
"35.19,116.06",2022-12-02T19:00:00,35.1,27.8,11.7,37.48,0,0,,0,0,24.2,9.6,166.1,1025,0,15,0,,0,10,Clear,clear-night,
"35.19,116.06",2022-12-02T20:00:00,34.8,27,13.4,40.83,0,0,,0,0,25.1,10.3,163.7,1024,0.9,15,0,,0,10,Clear,clear-night,
"35.19,116.06",2022-12-02T21:00:00,34.2,26.4,14.3,43.62,0,0,,0,0,25.2,10,164.2,1023.7,0.6,15,0,,0,10,Clear,clear-night,
"35.19,116.06",2022-12-02T22:00:00,33.6,25.9,15.3,46.59,0,0,,0,0,25.4,9.7,164.7,1023.3,0.4,15,0,,0,10,Clear,clear-night,
"35.19,116.06",2022-12-02T23:00:00,33,25.3,16.2,49.76,0,0,,0,0,25.5,9.4,165.2,1023,0.1,15,0,,0,10,Clear,clear-night,
"35.19,116.06",2022-12-03T00:00:00,32.6,24.8,17,52.21,0,0,,0,0,25.5,9.5,166.5,1022.7,30.8,15,0,,0,10,Partially cloudy,partly-cloudy-night,
"35.19,116.06",2022-12-03T01:00:00,32.3,24.3,17.8,54.79,0,0,,0,0,25.5,9.5,167.7,1022.3,61.4,15,0,,0,10,Partially cloudy,partly-cloudy-night,
"35.19,116.06",2022-12-03T02:00:00,31.9,23.8,18.6,57.48,0,0,,0,0,25.5,9.6,169,1022,92.1,15,0,,0,10,Overcast,cloudy,
"35.19,116.06",2022-12-03T03:00:00,31.7,24.1,20.3,62.52,0,0,,0,0,20.6,8.6,166.9,1021.7,93.2,15,0,,0,10,Overcast,cloudy,
"35.19,116.06",2022-12-03T04:00:00,31.4,24.5,22.1,67.95,0,0,,0,0,15.7,7.5,164.7,1021.3,94.3,15,0,,0,10,Overcast,cloudy,
"35.19,116.06",2022-12-03T05:00:00,31.2,24.9,23.8,73.82,0,0,,0,0,10.7,6.5,162.6,1021,95.4,15,0,,0,10,Overcast,cloudy,
"35.19,116.06",2022-12-03T06:00:00,32.2,26.4,24.9,74.29,0,0,,0,0,10.4,6,162.9,1021.7,96.9,15,2,0,0,10,Overcast,cloudy,
"35.19,116.06",2022-12-03T07:00:00,33.1,27.9,26,74.76,0,0,,0,0,10,5.6,163.1,1022.3,98.5,15,4,0,0,10,Overcast,cloudy,
"35.19,116.06",2022-12-03T08:00:00,34.1,29.4,27,75.22,0,0,,0,0,9.6,5.1,163.4,1023,100,15,6,0,0,10,Overcast,cloudy,
"35.19,116.06",2022-12-03T09:00:00,36.1,31.2,27.9,71.98,0,33.3,,0,0,9.4,5.7,159.3,1023,100,15,37,0.1,0,10,Overcast,cloudy,
"35.19,116.06",2022-12-03T10:00:00,38,33.2,28.7,68.91,0,33.3,,0,0,9.2,6.3,155.2,1023,100,15,68,0.3,1,10,Overcast,cloudy,
"35.19,116.06",2022-12-03T11:00:00,40,35.2,29.6,66.01,0,33.3,,0,0,8.9,6.9,151.1,1023,100,15,99,0.4,1,10,Overcast,cloudy,
"35.19,116.06",2022-12-03T12:00:00,39.8,36,29.9,67.46,0,33.3,,0,0,6.7,5.4,122.2,1023,100,15,81,0.3,1,10,Overcast,cloudy,
"35.19,116.06",2022-12-03T13:00:00,39.7,37.1,30.3,68.93,0,33.3,,0,0,4.5,3.8,93.2,1023,100,15,63,0.3,1,10,Overcast,cloudy,
"35.19,116.06",2022-12-03T14:00:00,39.5,39.5,30.6,70.44,0,33.3,,0,0,2.2,2.2,64.3,1023,100,15,45,0.2,0,10,Overcast,cloudy,
"35.19,116.06",2022-12-03T15:00:00,39.4,37.6,30.6,70.43,0,9.5,,0,0,4.3,3.1,63.4,1023.7,100,15,40.3,0.2,0,10,Overcast,cloudy,
"35.19,116.06",2022-12-03T16:00:00,39.4,36.7,30.5,70.42,0,9.5,,0,0,6.3,3.9,62.4,1024.3,100,15,35.7,0.1,0,10,Overcast,cloudy,
"35.19,116.06",2022-12-03T17:00:00,39.3,35.9,30.5,70.42,0,9.5,,0,0,8.3,4.7,61.5,1025,100,15,31,0.1,0,10,Overcast,cloudy,
"35.19,116.06",2022-12-03T18:00:00,38.8,35,30,70.53,0,9.5,,0,0,9.7,5.1,44.2,1026,88.9,15,20.7,0.1,0,10,Partially cloudy,partly-cloudy-night,
"35.19,116.06",2022-12-03T19:00:00,38.3,34.2,29.6,70.65,0,9.5,,0,0,11.1,5.4,26.9,1027,77.8,15,10.3,0,0,10,Partially cloudy,partly-cloudy-night,
"35.19,116.06",2022-12-03T20:00:00,37.8,33.3,29.2,70.77,0,9.5,,0,0,12.5,5.8,9.6,1028,66.7,15,0,,0,10,Partially cloudy,partly-cloudy-night,
"35.19,116.06",2022-12-03T21:00:00,36.8,30.9,26.8,66.75,0,0,,0,0,15.7,7.5,11.8,1028.7,52.3,15,0,,0,10,Partially cloudy,partly-cloudy-night,
"35.19,116.06",2022-12-03T22:00:00,35.7,28.7,24.3,62.9,0,0,,0,0,18.9,9.2,14,1029.3,38,15,0,,0,10,Partially cloudy,partly-cloudy-night,
"35.19,116.06",2022-12-03T23:00:00,34.6,26.5,21.8,59.21,0,0,,0,0,22.1,11,16.2,1030,23.6,15,0,,0,10,Partially cloudy,partly-cloudy-night,
"35.19,116.06",2022-12-04T00:00:00,34.5,26.3,20.5,56.26,0,0,,0,0,22.1,11.2,12.7,1031,47.4,15,0,,0,10,Partially cloudy,partly-cloudy-night,
"35.19,116.06",2022-12-04T01:00:00,34.4,26,19.2,53.44,0,0,,0,0,22.1,11.4,9.2,1032,71.2,15,0,,0,10,Partially cloudy,partly-cloudy-night,
"35.19,116.06",2022-12-04T02:00:00,34.2,25.8,17.9,50.74,0,0,,0,0,22.1,11.6,5.7,1033,95,15,0,,0,10,Overcast,cloudy,
"35.19,116.06",2022-12-04T03:00:00,34,25.6,17.9,51.36,0,9.5,,0,0,22.1,11.4,9,1033.3,96.7,15,0,,0,10,Overcast,cloudy,
"35.19,116.06",2022-12-04T04:00:00,33.8,25.4,18,51.99,0,9.5,,0,0,22.1,11.2,12.4,1033.7,98.3,15,0,,0,10,Overcast,cloudy,
"35.19,116.06",2022-12-04T05:00:00,33.5,25.2,18,52.63,0,9.5,,0,0,22.1,11,15.7,1034,100,15,0,,0,10,Overcast,cloudy,
"35.19,116.06",2022-12-04T06:00:00,33.4,25.5,21.2,60.41,0,9.5,,0,0.01,21.2,9.9,22.1,1035,100,14.8,1.7,0,0,10,Overcast,cloudy,
"35.19,116.06",2022-12-04T07:00:00,33.3,25.9,24.3,69.21,0,9.5,,0,0.03,20.2,8.9,28.5,1036,100,14.6,3.3,0,0,10,Overcast,cloudy,
"35.19,116.06",2022-12-04T08:00:00,33.2,26.4,27.4,79.14,0.004,9.5,"rain,snow",0.04,0.04,19.2,7.8,34.9,1037,100,14.4,5,0,0,10,Overcast,snow,
"35.19,116.06",2022-12-04T09:00:00,34.7,28,26.2,70.6,0,23.8,,0,0.04,17.1,8.3,34,1037.3,100,14.6,83.7,0.3,1,10,Overcast,cloudy,
"35.19,116.06",2022-12-04T10:00:00,36.3,29.7,24.9,62.98,0,23.8,,0,0.04,15.1,8.7,33,1037.7,100,14.8,162.3,0.6,2,10,Overcast,cloudy,
"35.19,116.06",2022-12-04T11:00:00,37.8,31.4,23.6,56.19,0.004,23.8,rain,0,0.04,13,9.2,32.1,1038,100,15,241,0.9,2,10,Overcast,cloudy,
"35.19,116.06",2022-12-04T12:00:00,39,32.5,21.8,49.82,0,23.8,,0,0.03,12.8,9.7,35.8,1037.3,100,15,295,1.1,3,10,Overcast,cloudy,
"35.19,116.06",2022-12-04T13:00:00,40.1,33.7,20,44.16,0,23.8,,0,0.01,12.5,10.2,39.6,1036.7,100,15,349,1.3,3,10,Overcast,cloudy,
"35.19,116.06",2022-12-04T14:00:00,41.3,34.9,18.2,39.12,0,23.8,,0,0,12.3,10.7,43.3,1036,100,15,403,1.5,4,10,Overcast,cloudy,
"35.19,116.06",2022-12-04T15:00:00,40.4,34.3,17.8,39.59,0,19,,0,0,12.4,9.6,47.7,1035.7,100,15,323.3,1.2,3,10,Overcast,cloudy,
"35.19,116.06",2022-12-04T16:00:00,39.6,33.8,17.3,40.06,0,19,,0,0,12.5,8.5,52,1035.3,100,15,243.7,0.9,2,10,Overcast,cloudy,
"35.19,116.06",2022-12-04T17:00:00,38.7,33.4,16.8,40.55,0,19,,0,0,12.5,7.4,56.4,1035,100,15,164,0.6,2,10,Overcast,cloudy,
"35.19,116.06",2022-12-04T18:00:00,37.5,32.1,16.2,41.52,0,19,,0,0,13,7.1,52.1,1035.7,100,15,109.3,0.4,0,10,Overcast,cloudy,
"35.19,116.06",2022-12-04T19:00:00,36.3,30.9,15.7,42.52,0,19,,0,0,13.4,6.8,47.9,1036.3,100,15,54.7,0.2,0,10,Overcast,cloudy,
"35.19,116.06",2022-12-04T20:00:00,35.1,29.6,15.2,43.55,0,19,,0,0,13.9,6.5,43.6,1037,100,15,0,,0,10,Overcast,cloudy,
"35.19,116.06",2022-12-04T21:00:00,34.7,29.3,15,43.94,0,23.8,,0,0,13.6,6.3,47.5,1037.3,100,15,0,,0,10,Overcast,cloudy,
"35.19,116.06",2022-12-04T22:00:00,34.3,29,14.8,44.33,0,23.8,,0,0,13.4,6,51.5,1037.7,100,15,0,,0,10,Overcast,cloudy,
"35.19,116.06",2022-12-04T23:00:00,33.9,28.6,14.6,44.73,0,23.8,,0,0,13.2,5.8,55.4,1038,100,15,0,,0,10,Overcast,cloudy,
"35.19,116.06",2022-12-05T00:00:00,33.8,28.8,15.6,46.87,0,23.8,,0,0,11.6,5.5,54.7,1037.7,98.9,15,0,,0,10,Overcast,cloudy,
"35.19,116.06",2022-12-05T01:00:00,33.8,29,16.7,49.11,0,23.8,,0,0,9.9,5.2,53.9,1037.3,97.7,15,0,,0,10,Overcast,cloudy,
"35.19,116.06",2022-12-05T02:00:00,33.7,29.2,17.7,51.45,0,23.8,,0,0,8.3,4.9,53.2,1037,96.6,15,0,,0,10,Overcast,cloudy,
"35.19,116.06",2022-12-05T03:00:00,33.1,28.1,17.4,52.15,0,33.3,,0,0,10.2,5.4,57,1036.7,96.2,15,0,,0,10,Overcast,cloudy,
"35.19,116.06",2022-12-05T04:00:00,32.5,27,17.2,52.88,0,33.3,,0,0,12.2,5.8,60.9,1036.3,95.7,15,0,,0,10,Overcast,cloudy,
"35.19,116.06",2022-12-05T05:00:00,31.9,25.9,17,53.61,0,33.3,,0,0,14.1,6.3,64.7,1036,95.3,15,0,,0,10,Overcast,cloudy,
"35.19,116.06",2022-12-05T06:00:00,32.2,26,16.9,52.83,0,33.3,,0,0,14.2,6.7,59.3,1036.7,96.9,15,2.3,0,0,10,Overcast,cloudy,
"35.19,116.06",2022-12-05T07:00:00,32.5,26,16.9,52.06,0,33.3,,0,0,14.4,7.2,53.8,1037.3,98.4,15,4.7,0,0,10,Overcast,cloudy,
"35.19,116.06",2022-12-05T08:00:00,32.8,26.1,16.8,51.3,0.004,33.3,"rain,snow",0,0,14.5,7.6,48.4,1038,100,15,7,0,0,10,Overcast,cloudy,
"35.19,116.06",2022-12-05T09:00:00,34.7,28.6,15.8,45.57,0,4.8,,0,0,12.2,7.2,53.8,1038,99.6,15,80,0.3,1,10,Overcast,cloudy,
"35.19,116.06",2022-12-05T10:00:00,36.5,31.1,14.7,40.49,0,4.8,,0,0,9.8,6.7,59.1,1038,99.3,15,153,0.5,2,10,Overcast,cloudy,
"35.19,116.06",2022-12-05T11:00:00,38.4,33.7,13.7,35.99,0,4.8,,0,0,7.4,6.3,64.5,1038,98.9,15,226,0.8,2,10,Overcast,cloudy,
"35.19,116.06",2022-12-05T12:00:00,39.5,35,13.1,33.52,0,4.8,,0,0,6.9,6.2,55.1,1036.7,98.1,15,281,1,3,10,Overcast,cloudy,
"35.19,116.06",2022-12-05T13:00:00,40.5,36.3,12.4,31.22,0,4.8,,0,0,6.3,6.1,45.8,1035.3,97.2,15,336,1.2,3,10,Overcast,cloudy,
"35.19,116.06",2022-12-05T14:00:00,41.6,37.7,11.7,29.08,0,4.8,,0,0,5.8,6,36.4,1034,96.4,15,391,1.4,4,10,Overcast,cloudy,
"35.19,116.06",2022-12-05T15:00:00,40.9,37,12.2,30.46,0,9.5,,0,0,6.2,5.7,37.2,1033.7,93.6,15,307.3,1.1,3,10,Overcast,cloudy,
"35.19,116.06",2022-12-05T16:00:00,40.2,36.4,12.6,31.91,0,9.5,,0,0,6.6,5.4,38.1,1033.3,90.8,15,223.7,0.8,2,10,Overcast,cloudy,
"35.19,116.06",2022-12-05T17:00:00,39.5,35.7,13,33.43,0,9.5,,0,0,6.9,5.1,38.9,1033,88,15,140,0.5,1,10,Partially cloudy,partly-cloudy-day,
"35.19,116.06",2022-12-05T18:00:00,38.5,34.7,13.8,36.01,0,9.5,,0,0,6.5,5,36.3,1033.3,92,15,93.3,0.3,0,10,Overcast,cloudy,
"35.19,116.06",2022-12-05T19:00:00,37.6,33.7,14.7,38.79,0,9.5,,0,0,6,4.8,33.7,1033.7,96,15,46.7,0.2,0,10,Overcast,cloudy,
"35.19,116.06",2022-12-05T20:00:00,36.6,32.7,15.5,41.79,0,9.5,,0,0,5.6,4.7,31.1,1034,100,15,0,,0,10,Overcast,cloudy,
"35.19,116.06",2022-12-05T21:00:00,36.4,33,16.1,43.2,0,19,,0,0,4.8,4.2,55.6,1034,99.5,15,0,,0,10,Overcast,cloudy,
"35.19,116.06",2022-12-05T22:00:00,36.2,33.3,16.7,44.65,0,19,,0,0,4.1,3.7,80,1034,99.1,15,0,,0,10,Overcast,cloudy,
"35.19,116.06",2022-12-05T23:00:00,36,33.7,17.3,46.15,0,19,,0,0,3.4,3.1,104.5,1034,98.6,15,0,,0,10,Overcast,cloudy,
"35.19,116.06",2022-12-06T00:00:00,35.7,33.4,18,48.17,0,19,,0,0,3.2,3.1,109.9,1033.3,99.1,15,0,,0,10,Overcast,cloudy,
"35.19,116.06",2022-12-06T01:00:00,35.4,33,18.8,50.28,0,19,,0,0,3.1,3.1,115.4,1032.7,99.5,15,0,,0,10,Overcast,cloudy,
"35.19,116.06",2022-12-06T02:00:00,35.1,32.7,19.5,52.47,0,19,,0,0,2.9,3.1,120.8,1032,100,15,0,,0,10,Overcast,cloudy,
"35.19,116.06",2022-12-06T03:00:00,35.2,32.3,20,53.43,0,14.3,,0,0,3.6,3.5,134.6,1031.3,100,15,0,,0,10,Overcast,cloudy,
"35.19,116.06",2022-12-06T04:00:00,35.3,32,20.5,54.41,0,14.3,,0,0,4.3,3.9,148.3,1030.7,100,15,0,,0,10,Overcast,cloudy,
"35.19,116.06",2022-12-06T05:00:00,35.3,31.7,20.9,55.39,0,14.3,,0,0,4.9,4.3,162.1,1030,100,15,0,,0,10,Overcast,cloudy,
"35.19,116.06",2022-12-06T06:00:00,35.5,32.1,21.6,56.7,0,14.3,,0,0,5.1,4,174.9,1030.3,99.9,15,2.3,0,0,10,Overcast,cloudy,
"35.19,116.06",2022-12-06T07:00:00,35.7,32.5,22.4,58.03,0,14.3,,0,0,5.2,3.8,187.8,1030.7,99.7,15,4.7,0,0,10,Overcast,cloudy,
"35.19,116.06",2022-12-06T08:00:00,35.9,33,23.1,59.39,0,14.3,,0,0,5.4,3.6,200.6,1031,99.6,15,7,0,0,10,Overcast,cloudy,
"35.19,116.06",2022-12-06T09:00:00,37.9,34.3,25.5,60.58,0,19,,0,0,6.2,4.6,193,1030.7,78.2,15,90.7,0.3,1,10,Partially cloudy,partly-cloudy-day,
"35.19,116.06",2022-12-06T10:00:00,39.9,35.9,27.9,61.77,0,19,,0,0,7,5.7,185.5,1030.3,56.9,15,174.3,0.6,2,10,Partially cloudy,partly-cloudy-day,
"35.19,116.06",2022-12-06T11:00:00,42,37.7,30.3,62.96,0,19,,0,0,7.8,6.7,177.9,1030,35.5,15,258,0.9,3,10,Partially cloudy,partly-cloudy-day,
"35.19,116.06",2022-12-06T12:00:00,43.3,39.4,30.8,61.17,0,19,,0,0,7.5,6.6,182.5,1028.7,54.7,15,324.3,1.1,3,10,Partially cloudy,partly-cloudy-day,
"35.19,116.06",2022-12-06T13:00:00,44.6,41,31.4,59.45,0,19,,0,0,7.1,6.4,187.2,1027.3,73.9,15,390.7,1.4,4,10,Partially cloudy,partly-cloudy-day,
"35.19,116.06",2022-12-06T14:00:00,45.9,42.7,31.9,57.79,0,19,,0,0,6.7,6.3,191.8,1026,93.1,15,457,1.6,5,10,Overcast,cloudy,
"35.19,116.06",2022-12-06T15:00:00,45.5,42.5,31.9,58.72,0,14.3,,0,0,6.4,5.7,190.5,1026,95.4,15,337.7,1.2,3,10,Overcast,cloudy,
"35.19,116.06",2022-12-06T16:00:00,45.1,42.4,31.9,59.66,0,14.3,,0,0,6.1,5.1,189.1,1026,97.7,15,218.3,0.8,2,10,Overcast,cloudy,
"35.19,116.06",2022-12-06T17:00:00,44.7,42.4,31.9,60.62,0,14.3,,0,0,5.8,4.5,187.8,1026,100,15,99,0.4,1,10,Overcast,cloudy,
"35.19,116.06",2022-12-06T18:00:00,44.1,41.2,32.5,63.39,0,14.3,,0,0,6.9,5.1,186.2,1026.7,100,15,66,0.2,0,10,Overcast,cloudy,
"35.19,116.06",2022-12-06T19:00:00,43.5,40.1,33,66.28,0,14.3,,0,0,8.1,5.7,184.7,1027.3,100,15,33,0.1,0,10,Overcast,cloudy,
"35.19,116.06",2022-12-06T20:00:00,42.9,39,33.5,69.3,0,14.3,,0,0,9.2,6.3,183.1,1028,100,15,0,,0,10,Overcast,cloudy,
"35.19,116.06",2022-12-06T21:00:00,41.8,38.1,33.7,72.77,0,14.3,,0,0,8.2,5.7,180.2,1028,84.9,15,0,,0,10,Partially cloudy,partly-cloudy-night,
"35.19,116.06",2022-12-06T22:00:00,40.7,37.2,33.9,76.41,0,14.3,,0,0,7.2,5.2,177.2,1028,69.7,15,0,,0,10,Partially cloudy,partly-cloudy-night,
"35.19,116.06",2022-12-06T23:00:00,39.6,36.3,34.1,80.26,0,14.3,,0,0,6.3,4.7,174.3,1028,54.6,15,0,,0,10,Partially cloudy,partly-cloudy-night,
"35.19,116.06",2022-12-07T00:00:00,39,36.4,34.1,82.35,0,14.3,,0,0,4.8,3.7,188,1028,62.2,15,0,,0,10,Partially cloudy,partly-cloudy-night,
"35.19,116.06",2022-12-07T01:00:00,38.3,38.3,34.1,84.5,0,14.3,,0,0,3.3,2.8,201.7,1028,69.7,15,0,,0,10,Partially cloudy,partly-cloudy-night,
"35.19,116.06",2022-12-07T02:00:00,37.7,37.7,34.1,86.72,0,14.3,,0,0,1.8,1.8,215.4,1028,77.3,15,0,,0,10,Partially cloudy,partly-cloudy-night,
"35.19,116.06",2022-12-07T03:00:00,37.7,37.7,34,86.3,0,14.3,,0,0,1.4,1.4,182.6,1027.7,82.8,15,0,,0,10,Partially cloudy,partly-cloudy-night,
"35.19,116.06",2022-12-07T04:00:00,37.7,37.7,33.8,85.89,0,14.3,,0,0,1,1,149.9,1027.3,88.2,15,0,,0,10,Partially cloudy,partly-cloudy-night,
"35.19,116.06",2022-12-07T05:00:00,37.7,37.7,33.7,85.48,0,14.3,,0,0,0.7,0.7,117.1,1027,93.7,15,0,,0,10,Overcast,cloudy,
"35.19,116.06",2022-12-07T06:00:00,37.8,37.8,33.5,84.27,0,14.3,,0,0,1.6,1.4,112.8,1027.7,78.1,15,2.3,0,0,10,Partially cloudy,partly-cloudy-night,
"35.19,116.06",2022-12-07T07:00:00,37.9,37.9,33.2,83.07,0,14.3,,0,0,2.5,2.2,108.4,1028.3,62.4,15,4.7,0,0,10,Partially cloudy,partly-cloudy-night,
"35.19,116.06",2022-12-07T08:00:00,38,38,33,81.89,0,14.3,,0,0,3.4,2.9,104.1,1029,46.8,15,7,0,0,10,Partially cloudy,partly-cloudy-day,
"35.19,116.06",2022-12-07T09:00:00,40.2,37.9,33,75.27,0,4.8,,0,0,4,3.6,107.8,1029,55.3,15,90.3,0.3,1,10,Partially cloudy,partly-cloudy-day,
"35.19,116.06",2022-12-07T10:00:00,42.4,39.8,33,69.24,0,4.8,,0,0,4.7,4.3,111.4,1029,63.7,15,173.7,0.6,2,10,Partially cloudy,partly-cloudy-day,
"35.19,116.06",2022-12-07T11:00:00,44.5,41.8,33,63.75,0.004,4.8,rain,0,0,5.4,4.9,115.1,1029,72.2,15,257,0.9,3,10,Partially cloudy,partly-cloudy-day,
"35.19,116.06",2022-12-07T12:00:00,44.9,42.4,33.5,63.96,0,4.8,,0,0,5,4.8,126.2,1028,81.5,15,264.7,0.9,3,10,Partially cloudy,partly-cloudy-day,
"35.19,116.06",2022-12-07T13:00:00,45.3,43,34,64.17,0,4.8,,0,0,4.6,4.6,137.4,1027,90.7,15,272.3,1,3,10,Overcast,cloudy,
"35.19,116.06",2022-12-07T14:00:00,45.8,43.6,34.4,64.37,0,4.8,,0,0,4.3,4.5,148.5,1026,100,15,280,1,3,10,Overcast,cloudy,
"35.19,116.06",2022-12-07T15:00:00,45.4,43.4,34.8,66.2,0,4.8,,0,0,4.4,4.2,155.5,1026.3,100,15,208.3,0.7,2,10,Overcast,cloudy,
"35.19,116.06",2022-12-07T16:00:00,45,43.3,35.2,68.08,0,4.8,,0,0,4.5,3.9,162.4,1026.7,100,15,136.7,0.5,1,10,Overcast,cloudy,
"35.19,116.06",2022-12-07T17:00:00,44.7,43.1,35.5,70.01,0,4.8,,0,0,4.7,3.6,169.4,1027,100,15,65,0.2,1,10,Overcast,cloudy,
"35.19,116.06",2022-12-07T18:00:00,44.1,42.2,36.2,73.53,0,4.8,,0,0,5.6,4,181.9,1027.3,92.1,15,43.3,0.2,0,10,Overcast,cloudy,
"35.19,116.06",2022-12-07T19:00:00,43.6,41.2,37,77.22,0,4.8,,0,0,6.5,4.3,194.3,1027.7,84.1,15,21.7,0.1,0,10,Partially cloudy,partly-cloudy-night,
"35.19,116.06",2022-12-07T20:00:00,43.1,40.3,37.7,81.1,0,4.8,,0,0,7.4,4.7,206.8,1028,76.2,15,0,,0,10,Partially cloudy,partly-cloudy-night,
"35.19,116.06",2022-12-07T21:00:00,42.6,40.1,37.8,82.81,0,9.5,,0,0,6.7,4.3,214,1028,84.1,15,0,,0,10,Partially cloudy,partly-cloudy-night,
"35.19,116.06",2022-12-07T22:00:00,42.2,39.9,37.9,84.55,0,9.5,,0,0,6,4,221.3,1028,92.1,15,0,,0,10,Overcast,cloudy,
"35.19,116.06",2022-12-07T23:00:00,41.8,39.8,38,86.34,0,9.5,,0,0,5.4,3.6,228.5,1028,100,15,0,,0,10,Overcast,cloudy,
"35.19,116.06",2022-12-08T00:00:00,42,39.9,38.1,86.14,0,9.5,,0,0,6.1,3.7,230.1,1027.7,100,15,0,,0,10,Overcast,cloudy,
"35.19,116.06",2022-12-08T01:00:00,42.2,40.1,38.3,85.95,0,9.5,,0,0,6.9,3.7,231.8,1027.3,100,15,0,,0,10,Overcast,cloudy,
"35.19,116.06",2022-12-08T02:00:00,42.3,40.2,38.4,85.76,0,9.5,,0,0,7.6,3.8,233.4,1027,100,15,0,,0,10,Overcast,cloudy,
"35.19,116.06",2022-12-08T03:00:00,42,40.3,38.4,86.76,0,9.5,,0,0,6,3.4,254.6,1027,100,15,0,,0,10,Overcast,cloudy,
"35.19,116.06",2022-12-08T04:00:00,41.7,41.7,38.4,87.76,0,9.5,,0,0,4.3,2.9,275.7,1027,100,15,0,,0,10,Overcast,cloudy,
"35.19,116.06",2022-12-08T05:00:00,41.4,41.4,38.4,88.79,0,9.5,,0,0,2.7,2.5,296.9,1027,100,15,0,,0,10,Overcast,cloudy,
"35.19,116.06",2022-12-08T06:00:00,41.1,41.1,38.1,88.98,0,9.5,,0,0,2.5,2.2,306.8,1027.3,100,15,1.7,0,0,10,Overcast,cloudy,
"35.19,116.06",2022-12-08T07:00:00,40.8,40.8,37.9,89.18,0,9.5,,0,0,2.2,2,316.7,1027.7,100,15,3.3,0,0,10,Overcast,cloudy,
"35.19,116.06",2022-12-08T08:00:00,40.5,40.5,37.7,89.37,0,9.5,,0,0,2,1.8,326.6,1028,100,15,5,0,0,10,Overcast,cloudy,
"35.19,116.06",2022-12-08T09:00:00,42.8,42.8,37.1,80.13,0,0,,0,0,2.6,2.5,337.5,1028.3,73,15,99.7,0.3,1,10,Partially cloudy,partly-cloudy-day,
"35.19,116.06",2022-12-08T10:00:00,45,43.7,36.5,71.89,0,0,,0,0,3.2,3.3,348.5,1028.7,45.9,15,194.3,0.7,2,10,Partially cloudy,partly-cloudy-day,
"35.19,116.06",2022-12-08T11:00:00,47.2,45.6,35.9,64.56,0,0,,0,0,3.8,4,359.4,1029,18.9,15,289,1,3,10,Clear,clear-day,
"35.19,116.06",2022-12-08T12:00:00,48.5,46.6,35.3,60.13,0,0,,0,0,4.8,4.8,254.8,1028.3,30.3,15,348.7,1.2,3,10,Partially cloudy,partly-cloudy-day,
"35.19,116.06",2022-12-08T13:00:00,49.7,47.6,34.7,56.01,0,0,,0,0,5.7,5.5,150.3,1027.7,41.6,15,408.3,1.5,4,10,Partially cloudy,partly-cloudy-day,
"35.19,116.06",2022-12-08T14:00:00,51,51,34.1,52.19,0,0,,0,0,6.7,6.3,45.7,1027,53,15,468,1.7,5,10,Partially cloudy,partly-cloudy-day,
"35.19,116.06",2022-12-08T15:00:00,49.7,47.4,33.8,54.17,0,0,,0,0,6.2,5.8,66.6,1027.3,51.5,15,372.7,1.4,4,10,Partially cloudy,partly-cloudy-day,
"35.19,116.06",2022-12-08T16:00:00,48.5,46.2,33.6,56.23,0,0,,0,0,5.7,5.4,87.5,1027.7,50,15,277.3,1,3,10,Partially cloudy,partly-cloudy-day,
"35.19,116.06",2022-12-08T17:00:00,47.2,45,33.3,58.39,0,0,,0,0,5.1,4.9,108.4,1028,48.5,15,182,0.7,2,10,Partially cloudy,partly-cloudy-day,
"35.19,116.06",2022-12-08T18:00:00,46.7,44.3,33,58.75,0,0,,0,0,5.6,5.1,101.3,1028.3,65.7,15,121.3,0.4,0,10,Partially cloudy,partly-cloudy-night,
"35.19,116.06",2022-12-08T19:00:00,46.2,43.7,32.7,59.11,0,0,,0,0,6,5.2,94.3,1028.7,82.8,15,60.7,0.2,0,10,Partially cloudy,partly-cloudy-night,
"35.19,116.06",2022-12-08T20:00:00,45.8,43,32.4,59.47,0,0,,0,0,6.5,5.4,87.2,1029,100,15,0,,0,10,Overcast,cloudy,
"35.19,116.06",2022-12-08T21:00:00,45.3,43.1,32.4,60.56,0,4.8,,0,0,5.2,4.5,114.3,1029.3,100,15,0,,0,10,Overcast,cloudy,
"35.19,116.06",2022-12-08T22:00:00,44.8,43.2,32.4,61.67,0,4.8,,0,0,4,3.6,141.3,1029.7,100,15,0,,0,10,Overcast,cloudy,
"35.19,116.06",2022-12-08T23:00:00,44.3,44.3,32.4,62.81,0,4.8,,0,0,2.7,2.7,168.4,1030,100,15,0,,0,10,Overcast,cloudy,
"35.19,116.06",2022-12-09T00:00:00,44.1,44.1,32.4,63.24,0,4.8,,0,0,2.6,2.6,119.6,1029.7,100,15,0,,0,10,Overcast,cloudy,
"35.19,116.06",2022-12-09T01:00:00,43.9,43.9,32.3,63.66,0,4.8,,0,0,2.5,2.5,70.8,1029.3,100,15,0,,0,10,Overcast,cloudy,
"35.19,116.06",2022-12-09T02:00:00,43.6,43.6,32.3,64.1,0,4.8,,0,0,2.5,2.5,22,1029,100,15,0,,0,10,Overcast,cloudy,
"35.19,116.06",2022-12-09T03:00:00,42.9,41.3,32.2,65.73,0,9.5,,0,0,3.3,3.3,29.2,1029,100,15,0,,0,10,Overcast,cloudy,
"35.19,116.06",2022-12-09T04:00:00,42.2,39.7,32.2,67.41,0,9.5,,0,0,4.1,4.1,36.5,1029,100,15,0,,0,10,Overcast,cloudy,
"35.19,116.06",2022-12-09T05:00:00,41.4,38.2,32.1,69.14,0,9.5,,0,0,4.9,4.9,43.7,1029,100,15,0,,0,10,Overcast,cloudy,
"35.19,116.06",2022-12-09T06:00:00,41.4,38.5,32,69.13,0,9.5,,0,0,4.6,4.5,71.2,1029.3,100,15,2.3,0,0,10,Overcast,cloudy,
"35.19,116.06",2022-12-09T07:00:00,41.3,38.7,32,69.13,0,9.5,,0,0,4.3,4.2,98.8,1029.7,100,15,4.7,0,0,10,Overcast,cloudy,
"35.19,116.06",2022-12-09T08:00:00,41.3,39,31.9,69.12,0,9.5,,0,0,4,3.8,126.3,1030,100,15,7,0,0,10,Overcast,cloudy,
"35.19,116.06",2022-12-09T09:00:00,43.8,41.3,32,63.04,0,0,,0,0,4.8,4.5,144.8,1030,100,15,85.3,0.3,1,10,Overcast,cloudy,
"35.19,116.06",2022-12-09T10:00:00,46.3,43.8,32.2,57.57,0,0,,0,0,5.5,5.1,163.2,1030,100,15,163.7,0.6,2,10,Overcast,cloudy,
"35.19,116.06",2022-12-09T11:00:00,48.8,46.4,32.3,52.62,0,0,,0,0,6.3,5.8,181.7,1030,100,15,242,0.9,2,10,Overcast,cloudy,
"35.19,116.06",2022-12-09T12:00:00,49.8,47.4,32.5,51.14,0,0,,0,0,6.3,6,193.6,1029,89.1,15,302.3,1.1,3,10,Partially cloudy,partly-cloudy-day,
"35.19,116.06",2022-12-09T13:00:00,50.7,50.7,32.6,49.71,0,0,,0,0,6.3,6.1,205.4,1028,78.3,15,362.7,1.3,4,10,Partially cloudy,partly-cloudy-day,
"35.19,116.06",2022-12-09T14:00:00,51.7,51.7,32.8,48.32,0,0,,0,0,6.3,6.3,217.3,1027,67.4,15,423,1.5,4,10,Partially cloudy,partly-cloudy-day,
"35.19,116.06",2022-12-09T15:00:00,50.7,50.7,33.1,50.55,0,0,,0,0,5.7,5.7,219.8,1027,78.3,15,335.3,1.2,3,10,Partially cloudy,partly-cloudy-day,
"35.19,116.06",2022-12-09T16:00:00,49.8,47.9,33.3,52.89,0,0,,0,0,5.1,5.1,222.2,1027,89.1,15,247.7,0.9,2,10,Partially cloudy,partly-cloudy-day,
"35.19,116.06",2022-12-09T17:00:00,48.8,47.2,33.5,55.35,0,0,,0,0,4.5,4.5,224.7,1027,100,15,160,0.6,2,10,Overcast,cloudy,
"35.19,116.06",2022-12-09T18:00:00,47.9,46.1,33.6,57.52,0,0,,0,0,4.5,4.5,209.9,1027.3,68.4,15,106.7,0.4,0,10,Partially cloudy,partly-cloudy-night,
"35.19,116.06",2022-12-09T19:00:00,47,45.1,33.8,59.79,0,0,,0,0,4.5,4.5,195.2,1027.7,36.9,15,53.3,0.2,0,10,Partially cloudy,partly-cloudy-night,
"35.19,116.06",2022-12-09T20:00:00,46.1,44,33.9,62.15,0,0,,0,0,4.5,4.5,180.4,1028,5.3,15,0,,0,10,Clear,clear-night,
"35.19,116.06",2022-12-09T21:00:00,45.2,42.5,34.4,65.7,0,0,,0,0,5.2,5,203.9,1028.3,5.2,15,0,,0,10,Clear,clear-night,
"35.19,116.06",2022-12-09T22:00:00,44.2,41.1,34.9,69.46,0,0,,0,0,6,5.5,227.5,1028.7,5.1,15,0,,0,10,Clear,clear-night,
"35.19,116.06",2022-12-09T23:00:00,43.2,39.6,35.3,73.44,0,0,,0,0,6.7,6,251,1029,5,15,0,,0,10,Clear,clear-night,
"35.19,116.06",2022-12-10T00:00:00,42.5,39,35.4,76.03,0,0,,0,0,6,5.6,271.1,1029,4.9,15,0,,0,10,Clear,clear-night,
"35.19,116.06",2022-12-10T01:00:00,41.7,38.4,35.6,78.72,0,0,,0,0,5.4,5.1,291.2,1029,4.9,15,0,,0,10,Clear,clear-night,
"35.19,116.06",2022-12-10T02:00:00,40.9,37.8,35.7,81.51,0,0,,0,0,4.7,4.7,311.3,1029,4.8,15,0,,0,10,Clear,clear-night,
"35.19,116.06",2022-12-10T03:00:00,40.3,36.7,35.1,81.85,0,0,,0,0,5.1,5.1,325.3,1029,4.8,15,0,,0,10,Clear,clear-night,
"35.19,116.06",2022-12-10T04:00:00,39.6,35.6,34.6,82.2,0,0,,0,0,5.4,5.6,339.4,1029,4.8,15,0,,0,10,Clear,clear-night,
"35.19,116.06",2022-12-10T05:00:00,38.9,34.5,34.1,82.54,0,0,,0,0,5.8,6,353.4,1029,4.8,15,0,,0,10,Clear,clear-night,
"35.19,116.06",2022-12-10T06:00:00,38.7,34.2,33.4,80.77,0,0,,0,0,8,6.1,355,1029.7,4.8,15,2.3,0,0,10,Clear,clear-night,
"35.19,116.06",2022-12-10T07:00:00,38.6,33.9,32.6,79.02,0,0,,0,0,10.1,6.2,356.5,1030.3,4.8,15,4.7,0,0,10,Clear,clear-night,
"35.19,116.06",2022-12-10T08:00:00,38.4,33.7,31.9,77.31,0,0,,0,0,12.3,6.3,358.1,1031,4.8,15,7,0,0,10,Clear,clear-day,
"35.19,116.06",2022-12-10T09:00:00,41.6,37,30.4,64.3,0,0,,0,0,11.6,7.1,243.5,1031.3,36.5,15,102.3,0.4,1,10,Partially cloudy,partly-cloudy-day,
"35.19,116.06",2022-12-10T10:00:00,44.8,40.4,28.9,53.55,0,0,,0,0,11,7.9,129,1031.7,68.3,15,197.7,0.7,2,10,Partially cloudy,partly-cloudy-day,
"35.19,116.06",2022-12-10T11:00:00,47.9,43.9,27.4,44.66,0,0,,0,0,10.3,8.7,14.4,1032,100,15,293,1.1,3,10,Overcast,cloudy,
"35.19,116.06",2022-12-10T12:00:00,48.9,45.2,24.5,38.24,0,0,,0,0,9.9,8.6,12.2,1031,70.6,15,351,1.3,4,10,Partially cloudy,partly-cloudy-day,
"35.19,116.06",2022-12-10T13:00:00,49.8,46.4,21.7,32.69,0,0,,0,0,9.5,8.6,9.9,1030,41.3,15,409,1.5,4,10,Partially cloudy,partly-cloudy-day,
"35.19,116.06",2022-12-10T14:00:00,50.8,50.8,18.8,27.91,0,0,,0,0,9.2,8.5,7.7,1029,11.9,15,467,1.7,5,10,Clear,clear-day,
"35.19,116.06",2022-12-10T15:00:00,49.1,45.6,18.3,29.17,0,0,,0,0,10.4,8.1,8.5,1029,39.7,15,377.3,1.4,4,10,Partially cloudy,partly-cloudy-day,
"35.19,116.06",2022-12-10T16:00:00,47.3,43.6,17.8,30.5,0,0,,0,0,11.6,7.8,9.4,1029,67.4,15,287.7,1,3,10,Partially cloudy,partly-cloudy-day,
"35.19,116.06",2022-12-10T17:00:00,45.6,41.7,17.3,31.9,0,0,,0,0,12.8,7.4,10.2,1029,95.2,15,198,0.7,2,10,Overcast,cloudy,
"35.19,116.06",2022-12-10T18:00:00,44,39.9,16.8,33.15,0,0,,0,0,12.8,7.1,15.8,1029.7,90,15,132,0.5,0,10,Partially cloudy,partly-cloudy-night,
"35.19,116.06",2022-12-10T19:00:00,42.3,38.1,16.3,34.45,0,0,,0,0,12.9,6.8,21.3,1030.3,84.9,15,66,0.2,0,10,Partially cloudy,partly-cloudy-night,
"35.19,116.06",2022-12-10T20:00:00,40.7,36.3,15.7,35.83,0,0,,0,0,13,6.5,26.9,1031,79.7,15,0,,0,10,Partially cloudy,partly-cloudy-night,
"35.19,116.06",2022-12-10T21:00:00,40.1,35.9,16.3,37.64,0,0,,0,0,10.4,6,40.6,1031,84.8,15,0,,0,10,Partially cloudy,partly-cloudy-night,
"35.19,116.06",2022-12-10T22:00:00,39.5,35.5,16.9,39.54,0,0,,0,0,7.8,5.6,54.2,1031,89.9,15,0,,0,10,Partially cloudy,partly-cloudy-night,
"35.19,116.06",2022-12-10T23:00:00,38.9,35.1,17.5,41.54,0,0,,0,0,5.1,5.1,67.9,1031,95,15,0,,0,10,Overcast,cloudy,
"35.19,116.06",2022-12-11T00:00:00,38.4,34.6,18.5,44.21,0,0,,0,0,4.9,4.9,88.3,1030.7,96.7,15,0,,0,10,Overcast,cloudy,
"35.19,116.06",2022-12-11T01:00:00,37.9,34.2,19.4,47.05,0,0,,0,0,4.7,4.7,108.8,1030.3,98.3,15,0,,0,10,Overcast,cloudy,
"35.19,116.06",2022-12-11T02:00:00,37.3,33.8,20.4,50.06,0,0,,0,0,4.5,4.5,129.2,1030,100,15,0,,0,10,Overcast,cloudy,
"35.19,116.06",2022-12-11T03:00:00,37.5,33.5,22.6,54.6,0,9.5,,0,0,6.9,5,125,1029.7,100,15,0,,0,10,Overcast,cloudy,
"35.19,116.06",2022-12-11T04:00:00,37.7,33.3,24.8,59.5,0,9.5,,0,0,9.4,5.5,120.8,1029.3,100,15,0,,0,10,Overcast,cloudy,
"35.19,116.06",2022-12-11T05:00:00,37.8,33.2,27,64.77,0,9.5,,0,0,11.9,6,116.6,1029,100,15,0,,0,10,Overcast,cloudy,
"35.19,116.06",2022-12-11T06:00:00,37.6,32.9,27,65.39,0,9.5,,0,0,12.7,6,122.7,1029.3,68.1,15,2,0,0,10,Partially cloudy,partly-cloudy-night,
"35.19,116.06",2022-12-11T07:00:00,37.4,32.6,27,66.01,0,9.5,,0,0,13.5,6,128.8,1029.7,36.1,15,4,0,0,10,Partially cloudy,partly-cloudy-night,
"35.19,116.06",2022-12-11T08:00:00,37.1,32.3,27,66.63,0,9.5,,0,0,14.3,6,134.9,1030,4.2,15,6,0,0,10,Clear,clear-day,
"35.19,116.06",2022-12-11T09:00:00,40.1,35.1,26.3,57.66,0,4.8,,0,0,13.4,7.2,142.4,1029.7,2.8,15,107,0.4,1,10,Clear,clear-day,
"35.19,116.06",2022-12-11T10:00:00,43,38.1,25.6,49.96,0,4.8,,0,0,12.5,8.4,150,1029.3,1.4,15,208,0.7,2,10,Clear,clear-day,
"35.19,116.06",2022-12-11T11:00:00,45.9,41.2,24.9,43.35,0,4.8,,0,0,11.6,9.6,157.5,1029,0,15,309,1.1,3,10,Clear,clear-day,
"35.19,116.06",2022-12-11T12:00:00,47.4,43.3,25.7,42.41,0,4.8,,0,0,10.4,8.7,161.9,1027.7,1.7,15,373.3,1.3,4,10,Clear,clear-day,
"35.19,116.06",2022-12-11T13:00:00,48.8,45.4,26.4,41.5,0,4.8,,0,0,9.1,7.8,166.3,1026.3,3.3,15,437.7,1.6,4,10,Clear,clear-day,
"35.19,116.06",2022-12-11T14:00:00,50.3,50.3,27.2,40.62,0,4.8,,0,0,7.8,6.9,170.7,1025,5,15,502,1.8,5,10,Clear,clear-day,
"35.19,116.06",2022-12-11T15:00:00,48.8,45.9,27.5,43.29,0,0,,0,0,7.3,6.7,160.5,1025,5,15,403.7,1.4,4,10,Clear,clear-day,
"35.19,116.06",2022-12-11T16:00:00,47.4,44.3,27.7,46.14,0,0,,0,0,6.8,6.5,150.4,1025,5,15,305.3,1.1,3,10,Clear,clear-day,
"35.19,116.06",2022-12-11T17:00:00,45.9,42.7,27.9,49.2,0,0,,0,0,6.3,6.3,140.2,1025,5,15,207,0.7,2,10,Clear,clear-day,
"35.19,116.06",2022-12-11T18:00:00,44.7,41,27.2,50.1,0,0,,0,0,8.9,6.6,137.4,1025.7,36.7,15,138,0.5,0,10,Partially cloudy,partly-cloudy-night,
"35.19,116.06",2022-12-11T19:00:00,43.4,39.3,26.5,51.03,0,0,,0,0,11.6,6.9,134.6,1026.3,68.3,15,69,0.2,0,10,Partially cloudy,partly-cloudy-night,
"35.19,116.06",2022-12-11T20:00:00,42.2,37.7,25.8,51.98,0,0,,0,0,14.3,7.2,131.8,1027,100,15,0,,0,10,Overcast,cloudy,
"35.19,116.06",2022-12-11T21:00:00,41.2,36.4,24.9,52.09,0,9.5,,0,0,14.7,7.2,133.5,1027.3,77.2,15,0,,0,10,Partially cloudy,partly-cloudy-night,
"35.19,116.06",2022-12-11T22:00:00,40.1,35.2,24,52.19,0,9.5,,0,0,15.1,7.2,135.3,1027.7,54.5,15,0,,0,10,Partially cloudy,partly-cloudy-night,
"35.19,116.06",2022-12-11T23:00:00,39.1,34,23.1,52.29,0,9.5,,0,0,15.4,7.2,137,1028,31.7,15,0,,0,10,Partially cloudy,partly-cloudy-night,
"35.19,116.06",2022-12-12T00:00:00,38.6,33.5,23.2,53.55,0,9.5,,0,0,14.8,7,137.7,1028,54.5,15,0,,0,10,Partially cloudy,partly-cloudy-night,
"35.19,116.06",2022-12-12T01:00:00,38.1,33,23.3,54.84,0,9.5,,0,0,14.2,6.9,138.3,1028,77.2,15,0,,0,10,Partially cloudy,partly-cloudy-night,
"35.19,116.06",2022-12-12T02:00:00,37.7,32.5,23.4,56.17,0,9.5,,0,0,13.6,6.7,139,1028,100,15,0,,0,10,Overcast,cloudy,
"35.19,116.06",2022-12-12T03:00:00,37.2,32.3,24.2,59,0,14.3,,0,0,12.5,6.3,138.4,1028,100,15,0,,0,10,Overcast,cloudy,
"35.19,116.06",2022-12-12T04:00:00,36.8,32,25,61.96,0,14.3,,0,0,11.3,6,137.8,1028,100,15,0,,0,10,Overcast,cloudy,
"35.19,116.06",2022-12-12T05:00:00,36.4,31.8,25.8,65.07,0,14.3,,0,0,10.1,5.6,137.2,1028,100,15,0,,0,10,Overcast,cloudy,
"35.19,116.06",2022-12-12T06:00:00,36.5,32.1,26.2,66.06,0,14.3,,0,0,9.2,5.2,136.2,1028.3,100,15,2,0,0,10,Overcast,cloudy,
"35.19,116.06",2022-12-12T07:00:00,36.5,32.5,26.6,67.05,0,14.3,,0,0,8.4,4.8,135.2,1028.7,100,15,4,0,0,10,Overcast,cloudy,
"35.19,116.06",2022-12-12T08:00:00,36.6,32.9,27,68.06,0,14.3,,0,0,7.6,4.5,134.2,1029,100,15,6,0,0,10,Overcast,cloudy,
"35.19,116.06",2022-12-12T09:00:00,39.8,35.8,26.6,59.06,0,0,,0,0,8.1,5.5,136.3,1029,67,15,97,0.3,1,10,Partially cloudy,partly-cloudy-day,
"35.19,116.06",2022-12-12T10:00:00,43,38.9,26.2,51.34,0,0,,0,0,8.6,6.6,138.5,1029,34,15,188,0.7,2,10,Partially cloudy,partly-cloudy-day,
"35.19,116.06",2022-12-12T11:00:00,46.1,42.2,25.8,44.7,0,0,,0,0,9.2,7.6,140.6,1029,1,15,279,1,3,10,Clear,clear-day,
"35.19,116.06",2022-12-12T12:00:00,47.5,44.3,25,41.07,0,0,,0,0,7.5,6.6,133.4,1028,2.3,15,352.3,1.3,4,10,Clear,clear-day,
"35.19,116.06",2022-12-12T13:00:00,48.8,46.5,24.1,37.74,0,0,,0,0,5.9,5.5,126.3,1027,3.7,15,425.7,1.5,4,10,Clear,clear-day,
"35.19,116.06",2022-12-12T14:00:00,50.1,50.1,23.3,34.69,0,0,,0,0,4.3,4.5,119.1,1026,5,15,499,1.8,5,10,Clear,clear-day,
"35.19,116.06",2022-12-12T15:00:00,48.7,47,23.2,36.34,0,0,,0,0,4.3,4.5,114.8,1026.3,6,15,402,1.4,4,10,Clear,clear-day,
"35.19,116.06",2022-12-12T16:00:00,47.3,45.3,23,38.07,0,0,,0,0,4.4,4.6,110.6,1026.7,6.9,15,305,1.1,3,10,Clear,clear-day,
"35.19,116.06",2022-12-12T17:00:00,45.9,43.7,22.9,39.91,0,0,,0,0,4.5,4.7,106.3,1027,7.9,15,208,0.7,2,10,Clear,clear-day,
"35.19,116.06",2022-12-12T18:00:00,44.7,42.1,22.7,41.54,0,0,,0,0,4.6,4.8,115.7,1027.7,6.9,15,138.7,0.5,0,10,Clear,clear-night,
"35.19,116.06",2022-12-12T19:00:00,43.4,40.6,22.6,43.26,0,0,,0,0,4.8,4.8,125.2,1028.3,6,15,69.3,0.2,0,10,Clear,clear-night,
"35.19,116.06",2022-12-12T20:00:00,42.2,39.1,22.4,45.06,0,0,,0,0,4.9,4.9,134.6,1029,5,15,0,,0,10,Clear,clear-night,
"35.19,116.06",2022-12-12T21:00:00,41.7,38.7,22.4,45.91,0,4.8,,0,0,4.8,4.8,141.7,1029,36.7,15,0,,0,10,Partially cloudy,partly-cloudy-night,
"35.19,116.06",2022-12-12T22:00:00,41.3,38.3,22.5,46.78,0,4.8,,0,0,4.6,4.6,148.8,1029,68.3,15,0,,0,10,Partially cloudy,partly-cloudy-night,
"35.19,116.06",2022-12-12T23:00:00,40.9,38,22.5,47.67,0,4.8,,0,0,4.5,4.5,155.9,1029,100,15,0,,0,10,Overcast,cloudy,
