datetime,windspeed,windgust,temp,cloudcover,solarradiation,solarenergy
2022-11-28T00:00:00,0.40277777777777773,0.4444444444444445,12.472222222222223,100.0,0.0,
2022-11-28T01:00:00,0.8402777777777777,0.8402777777777777,12.805555555555554,100.0,0.0,
2022-11-28T02:00:00,1.1944444444444444,1.2430555555555554,12.944444444444443,100.0,0.0,
2022-11-28T03:00:00,0.8472222222222221,0.8750000000000001,12.750000000000002,100.0,0.0,
2022-11-28T04:00:00,1.2916666666666667,1.3333333333333333,12.666666666666664,100.0,0.0,
2022-11-28T05:00:00,0.8125,0.798611111111111,12.347222222222221,100.0,0.0,
2022-11-28T06:00:00,0.8055555555555555,0.8055555555555555,12.249999999999998,100.0,0.0,
2022-11-28T07:00:00,0.625,0.5694444444444444,11.986111111111112,99.8,0.0,
2022-11-28T08:00:00,1.0694444444444444,1.2638888888888888,12.180555555555554,100.0,19.0,0.05
2022-11-28T09:00:00,1.2708333333333333,1.8263888888888886,11.986111111111112,100.0,10.25,0.025
2022-11-28T10:00:00,2.013888888888889,3.3680555555555554,11.361111111111112,100.0,12.25,0.05
2022-11-28T11:00:00,2.138888888888889,3.5902777777777777,10.625,100.0,9.75,0.0
2022-11-28T12:00:00,2.75,4.944444444444445,10.291666666666666,100.0,12.75,0.025
2022-11-28T13:00:00,3.2708333333333335,6.541666666666667,9.944444444444445,100.0,12.75,0.05
2022-11-28T14:00:00,3.4027777777777777,7.201388888888889,9.86111111111111,100.0,14.5,0.05
2022-11-28T15:00:00,3.6875,7.236111111111111,9.722222222222221,100.0,26.75,0.1
2022-11-28T16:00:00,4.006944444444445,7.5,9.38888888888889,100.0,8.25,0.0
2022-11-28T17:00:00,5.097222222222222,8.708333333333334,9.027777777777779,100.0,3.0,0.0
2022-11-28T18:00:00,5.0,8.930555555555555,8.583333333333336,100.0,0.0,
2022-11-28T19:00:00,4.930555555555555,9.250000000000002,8.152777777777777,100.0,0.0,
2022-11-28T20:00:00,5.319444444444444,9.125,7.972222222222222,100.0,0.0,
2022-11-28T21:00:00,4.611111111111112,8.645833333333334,7.791666666666667,100.0,0.0,
2022-11-28T22:00:00,4.340277777777778,8.8125,7.805555555555554,100.0,0.0,
2022-11-28T23:00:00,3.9027777777777777,8.38888888888889,7.750000000000002,100.0,0.0,
2022-11-29T00:00:00,4.666666666666667,9.416666666666668,7.611111111111108,100.0,0.0,
2022-11-29T01:00:00,5.034722222222222,8.916666666666666,7.277777777777778,100.0,0.0,
2022-11-29T02:00:00,6.319444444444445,9.680555555555555,6.319444444444445,100.0,0.0,
2022-11-29T03:00:00,6.548611111111111,10.319444444444445,4.791666666666667,100.0,0.0,
2022-11-29T04:00:00,6.236111111111111,10.277777777777777,3.6944444444444478,100.0,0.0,
2022-11-29T05:00:00,6.499999999999999,10.42361111111111,2.5416666666666683,99.175,0.0,
2022-11-29T06:00:00,6.131944444444444,10.034722222222221,1.4305555555555571,100.0,0.0,
2022-11-29T07:00:00,6.090277777777778,9.930555555555555,0.6527777777777762,100.0,0.0,
2022-11-29T08:00:00,5.840277777777778,9.63888888888889,0.458333333333331,100.0,28.5,0.1
2022-11-29T09:00:00,6.166666666666667,9.6875,0.5555555555555556,100.0,135.0,0.475
2022-11-29T10:00:00,6.354166666666666,9.472222222222223,0.930555555555554,92.525,256.75,0.95
2022-11-29T11:00:00,6.875,9.138888888888888,1.2222222222222239,96.85,451.0,1.65
2022-11-29T12:00:00,6.465277777777777,8.4375,1.6388888888888904,95.6,513.75,1.875
2022-11-29T13:00:00,6.381944444444445,8.402777777777777,1.6388888888888904,92.375,379.25,1.325
2022-11-29T14:00:00,6.215277777777778,8.041666666666666,1.4583333333333333,98.5,399.0,1.4
2022-11-29T15:00:00,5.75,7.708333333333333,0.9166666666666659,95.3,224.25,0.8
2022-11-29T16:00:00,5.381944444444445,7.881944444444445,-0.20833333333333334,100.0,134.25,0.5
2022-11-29T17:00:00,4.854166666666667,7.854166666666666,-0.9027777777777778,100.0,22.5,0.1
2022-11-29T18:00:00,4.944444444444445,7.701388888888889,-1.4583333333333333,100.0,0.0,
2022-11-29T19:00:00,4.888888888888889,8.04861111111111,-2.1388888888888875,99.8,0.0,
2022-11-29T20:00:00,4.958333333333334,7.986111111111111,-2.958333333333333,100.0,0.0,
2022-11-29T21:00:00,4.770833333333333,8.166666666666668,-3.4027777777777777,100.0,0.0,
2022-11-29T22:00:00,4.854166666666667,8.402777777777777,-3.6666666666666674,100.0,0.0,
2022-11-29T23:00:00,4.819444444444445,8.493055555555555,-4.152777777777779,100.0,0.0,
2022-11-30T00:00:00,4.854166666666667,8.416666666666666,-4.430555555555556,59.6,0.0,
2022-11-30T01:00:00,4.854166666666667,8.152777777777779,-4.958333333333333,14.399999999999999,0.0,
2022-11-30T02:00:00,4.847222222222222,8.20138888888889,-5.458333333333333,89.94999999999999,0.0,
2022-11-30T03:00:00,4.520833333333333,8.090277777777777,-5.930555555555554,100.0,0.0,
2022-11-30T04:00:00,4.444444444444445,8.347222222222221,-6.222222222222222,100.0,0.0,
2022-11-30T05:00:00,4.159722222222222,7.736111111111112,-6.625,100.0,0.0,
2022-11-30T06:00:00,3.958333333333333,7.111111111111111,-6.763888888888889,100.0,0.0,
2022-11-30T07:00:00,3.576388888888889,6.631944444444445,-6.791666666666668,100.0,0.0,
2022-11-30T08:00:00,3.7222222222222223,6.25,-6.430555555555557,100.0,48.5,0.2
2022-11-30T09:00:00,4.055555555555555,5.805555555555555,-5.750000000000001,100.0,158.75,0.55
2022-11-30T10:00:00,3.791666666666666,5.159722222222223,-4.958333333333333,100.0,283.25,1.0
2022-11-30T11:00:00,3.798611111111111,5.097222222222222,-4.111111111111111,100.0,389.75,1.4249999999999998
2022-11-30T12:00:00,3.6666666666666665,5.034722222222222,-3.3611111111111116,99.3,430.5,1.5750000000000002
2022-11-30T13:00:00,3.7777777777777777,5.041666666666666,-2.5833333333333326,100.0,473.0,1.725
2022-11-30T14:00:00,3.7847222222222223,4.916666666666666,-2.5,100.0,295.25,1.05
2022-11-30T15:00:00,3.7569444444444446,4.770833333333333,-2.472222222222222,99.825,295.0,1.0750000000000002
2022-11-30T16:00:00,3.375,4.381944444444444,-2.9444444444444446,100.0,139.75,0.5
2022-11-30T17:00:00,2.8194444444444446,4.395833333333333,-3.763888888888888,100.0,24.0,0.1
2022-11-30T18:00:00,2.458333333333333,4.069444444444445,-3.9166666666666665,100.0,0.0,
2022-11-30T19:00:00,2.381944444444444,4.069444444444445,-4.166666666666667,100.0,0.0,
2022-11-30T20:00:00,2.388888888888889,4.083333333333333,-4.027777777777778,100.0,0.0,
2022-11-30T21:00:00,2.3541666666666665,4.083333333333333,-4.166666666666667,100.0,0.0,
2022-11-30T22:00:00,1.8611111111111112,3.569444444444444,-4.305555555555555,100.0,0.0,
2022-11-30T23:00:00,1.7152777777777777,3.263888888888889,-4.291666666666668,100.0,0.0,
2022-12-01T00:00:00,1.4930555555555556,3.0277777777777777,-4.305555555555555,100.0,0.0,
2022-12-01T01:00:00,1.0763888888888888,2.1319444444444446,-4.638888888888889,84.75,0.0,
2022-12-01T02:00:00,0.9930555555555556,1.4236111111111112,-4.833333333333333,85.45,0.0,
2022-12-01T03:00:00,0.8472222222222221,1.097222222222222,-4.861111111111111,16.85,0.0,
2022-12-01T04:00:00,0.7291666666666666,0.8402777777777779,-5.083333333333335,89.125,0.0,
2022-12-01T05:00:00,0.5347222222222222,0.5416666666666667,-4.986111111111112,97.425,0.0,
2022-12-01T06:00:00,0.5,0.5277777777777778,-4.833333333333333,100.0,0.0,
2022-12-01T07:00:00,0.5902777777777778,0.5902777777777778,-4.694444444444445,100.0,0.0,
2022-12-01T08:00:00,0.5555555555555556,0.6319444444444445,-3.888888888888889,99.4,42.75,0.15000000000000002
2022-12-01T09:00:00,0.875,0.9166666666666666,-2.8611111111111103,100.0,176.5,0.6499999999999999
2022-12-01T10:00:00,0.6666666666666667,0.6458333333333334,-1.7361111111111112,100.0,332.75,1.175
2022-12-01T11:00:00,0.7638888888888888,0.888888888888889,-0.8194444444444452,98.325,409.0,1.45
2022-12-01T12:00:00,1.1388888888888888,1.3958333333333335,-0.08333333333333254,100.0,490.75,1.775
2022-12-01T13:00:00,1.3888888888888888,1.7638888888888888,0.5277777777777793,100.0,475.5,1.7
2022-12-01T14:00:00,1.5208333333333333,2.201388888888889,0.7638888888888888,100.0,343.25,1.225
2022-12-01T15:00:00,1.6527777777777777,2.6249999999999996,0.8194444444444452,100.0,249.0,0.9
2022-12-01T16:00:00,0.5694444444444444,0.6111111111111112,-0.041666666666668246,96.575,82.75,0.3
2022-12-01T17:00:00,0.5902777777777778,0.6180555555555556,-1.708333333333333,100.0,24.75,0.1
2022-12-01T18:00:00,0.8611111111111112,0.8611111111111112,-2.1111111111111116,100.0,0.0,
2022-12-01T19:00:00,0.9652777777777778,1.0555555555555556,-2.4444444444444455,100.0,0.0,
2022-12-01T20:00:00,1.0138888888888888,0.9930555555555556,-2.7499999999999996,100.0,0.0,
2022-12-01T21:00:00,0.8333333333333333,0.8055555555555556,-2.986111111111111,100.0,0.0,
2022-12-01T22:00:00,0.5694444444444444,0.5972222222222223,-3.166666666666666,81.85,0.0,
2022-12-01T23:00:00,0.38888888888888884,0.375,-3.3611111111111094,100.0,0.0,
2022-12-02T00:00:00,0.42361111111111105,0.4652777777777778,-3.1944444444444446,99.7,0.0,
2022-12-02T01:00:00,0.6944444444444444,0.6944444444444444,-3.444444444444444,100.0,0.0,
2022-12-02T02:00:00,0.6666666666666666,0.6805555555555556,-3.4861111111111103,63.75,0.0,
2022-12-02T03:00:00,0.7083333333333333,0.7083333333333333,-3.638888888888889,8.825,0.0,
2022-12-02T04:00:00,0.7569444444444444,0.7569444444444444,-3.8055555555555562,7.025,0.0,
2022-12-02T05:00:00,0.7222222222222222,0.7083333333333333,-3.888888888888889,4.0,0.0,
2022-12-02T06:00:00,0.8402777777777779,0.7847222222222222,-3.861111111111111,0.0,0.0,
2022-12-02T07:00:00,0.7847222222222222,0.7291666666666666,-3.9166666666666665,1.825,0.0,
2022-12-02T08:00:00,0.9444444444444444,1.2430555555555554,-2.7083333333333335,0.25,53.25,0.2
2022-12-02T09:00:00,1.2083333333333333,1.5486111111111112,-0.930555555555554,7.324999999999999,221.75,0.8
2022-12-02T10:00:00,1.5277777777777777,1.9999999999999998,0.6388888888888881,100.0,379.5,1.4
2022-12-02T11:00:00,1.7638888888888888,2.4444444444444446,1.6111111111111103,100.0,386.25,1.375
2022-12-02T12:00:00,2.4027777777777772,3.2499999999999996,2.4027777777777795,100.0,398.5,1.425
2022-12-02T13:00:00,2.6875,3.4652777777777777,3.0277777777777795,100.0,459.25,1.625
2022-12-02T14:00:00,3.020833333333333,3.9027777777777777,2.833333333333334,100.0,286.25,1.05
2022-12-02T15:00:00,2.506944444444444,4.375,2.1250000000000018,99.175,129.25,0.5
2022-12-02T16:00:00,1.9166666666666667,3.631944444444444,1.3472222222222205,100.0,103.5,0.4
2022-12-02T17:00:00,1.7361111111111112,2.6875,-0.40277777777777857,100.0,23.0,0.1
2022-12-02T18:00:00,1.6666666666666665,2.548611111111111,-0.8611111111111095,96.475,0.0,
2022-12-02T19:00:00,1.909722222222222,3.604166666666667,-1.569444444444446,1.9249999999999998,0.0,
2022-12-02T20:00:00,2.0347222222222223,4.472222222222222,-2.027777777777777,0.0,0.0,
2022-12-02T21:00:00,2.1180555555555554,4.819444444444445,-2.041666666666665,0.0,0.0,
2022-12-02T22:00:00,2.208333333333333,5.159722222222222,-2.0555555555555554,0.0,0.0,
2022-12-02T23:00:00,2.305555555555556,5.5069444444444455,-2.0833333333333335,0.0,0.0,
2022-12-03T00:00:00,2.2222222222222223,5.243055555555555,-2.069444444444445,2.175,0.0,
2022-12-03T01:00:00,2.159722222222222,4.979166666666667,-2.0555555555555554,4.3,0.0,
2022-12-03T02:00:00,2.0972222222222223,4.715277777777778,-2.041666666666667,6.475,0.0,
2022-12-03T03:00:00,1.923611111111111,4.180555555555555,-1.9861111111111107,37.675,0.0,
2022-12-03T04:00:00,1.7361111111111112,3.6736111111111116,-1.9444444444444444,68.8,0.0,
2022-12-03T05:00:00,1.5555555555555554,3.1527777777777777,-1.9027777777777781,100.0,0.0,
2022-12-03T06:00:00,1.4236111111111112,3.006944444444444,-1.2638888888888882,100.0,3.925,0.0
2022-12-03T07:00:00,1.3055555555555556,2.8680555555555554,-0.625,100.0,7.825,0.0
2022-12-03T08:00:00,1.173611111111111,2.7222222222222223,-0.013888888888888099,100.0,11.75,0.0
2022-12-03T09:00:00,1.1111111111111112,2.361111111111111,0.9999999999999984,100.0,53.95,0.2
2022-12-03T10:00:00,1.0555555555555556,2.006944444444444,2.013888888888889,100.0,96.05,0.3
2022-12-03T11:00:00,1.0,1.6458333333333333,3.0277777777777795,100.0,138.25,0.5
2022-12-03T12:00:00,1.0625,1.7013888888888888,2.833333333333334,100.0,137.175,0.5
2022-12-03T13:00:00,1.125,1.7569444444444444,2.5972222222222205,100.0,136.075,0.45
2022-12-03T14:00:00,1.2013888888888888,1.8125,2.374999999999999,100.0,135.0,0.45
2022-12-03T15:00:00,1.4027777777777777,3.2361111111111107,1.9583333333333326,100.0,106.15,0.325
2022-12-03T16:00:00,1.6180555555555556,4.638888888888888,1.555555555555554,100.0,77.35,0.275
2022-12-03T17:00:00,1.8402777777777777,6.048611111111111,1.1388888888888873,100.0,48.5,0.15000000000000002
2022-12-03T18:00:00,2.0625,6.263888888888889,1.0277777777777786,100.0,32.3,0.1
2022-12-03T19:00:00,2.298611111111111,6.486111111111112,0.9166666666666659,100.0,16.2,0.05
2022-12-03T20:00:00,2.513888888888889,6.722222222222221,0.8055555555555571,100.0,0.0,
2022-12-03T21:00:00,3.1319444444444446,7.375,0.7916666666666651,99.875,0.0,
2022-12-03T22:00:00,3.763888888888889,8.04861111111111,0.7638888888888888,99.725,0.0,
2022-12-03T23:00:00,4.381944444444445,8.715277777777777,0.7361111111111127,99.6,0.0,
2022-12-04T00:00:00,4.375,8.819444444444445,0.15277777777777699,99.725,0.0,
2022-12-04T01:00:00,4.368055555555556,8.92361111111111,-0.3888888888888885,99.875,0.0,
2022-12-04T02:00:00,4.361111111111111,9.027777777777777,-0.9722222222222222,100.0,0.0,
2022-12-04T03:00:00,4.326388888888888,8.736111111111112,-1.0000000000000004,100.0,0.0,
2022-12-04T04:00:00,4.291666666666666,8.451388888888888,-1.0138888888888884,100.0,0.0,
2022-12-04T05:00:00,4.256944444444444,8.159722222222221,-1.0416666666666667,100.0,0.0,
2022-12-04T06:00:00,4.118055555555555,7.833333333333333,-0.9861111111111103,100.0,2.925,0.0
2022-12-04T07:00:00,3.9652777777777777,7.506944444444444,-0.9444444444444441,100.0,5.825,0.0
2022-12-04T08:00:00,3.819444444444444,7.194444444444444,-0.8888888888888897,100.0,8.75,0.0
2022-12-04T09:00:00,3.8541666666666665,6.715277777777778,-0.5555555555555556,100.0,43.425,0.1
2022-12-04T10:00:00,3.9027777777777777,6.243055555555555,-0.2361111111111115,100.0,78.075,0.3
2022-12-04T11:00:00,3.951388888888889,5.756944444444445,0.055555555555556344,100.0,112.75,0.4
2022-12-04T12:00:00,4.0,5.576388888888888,0.6111111111111119,100.0,178.75,0.625
2022-12-04T13:00:00,4.055555555555555,5.395833333333333,1.1388888888888873,100.0,244.75,0.9
2022-12-04T14:00:00,4.125,5.208333333333333,1.6805555555555547,100.0,310.75,1.125
2022-12-04T15:00:00,3.7222222222222223,5.249999999999999,1.0277777777777746,100.0,246.825,0.9
2022-12-04T16:00:00,3.333333333333333,5.284722222222221,0.4166666666666667,100.0,182.925,0.6749999999999999
2022-12-04T17:00:00,2.930555555555556,5.326388888888889,-0.2499999999999996,100.0,119.0,0.45
2022-12-04T18:00:00,2.8611111111111107,5.402777777777778,-0.6944444444444444,100.0,79.35,0.3
2022-12-04T19:00:00,2.7777777777777777,5.486111111111111,-1.1527777777777775,100.0,39.65,0.15000000000000002
2022-12-04T20:00:00,2.701388888888889,5.562499999999999,-1.5972222222222223,100.0,0.0,
2022-12-04T21:00:00,2.3958333333333335,5.298611111111111,-1.9166666666666663,78.0,0.0,
2022-12-04T22:00:00,2.0902777777777777,5.048611111111112,-2.194444444444444,56.0,0.0,
2022-12-04T23:00:00,1.7638888888888888,4.777777777777779,-2.5,34.0,0.0,
2022-12-05T00:00:00,1.75,4.708333333333333,-2.458333333333334,56.0,0.0,
2022-12-05T01:00:00,1.7361111111111112,4.618055555555555,-2.4305555555555554,78.0,0.0,
2022-12-05T02:00:00,1.7083333333333335,4.541666666666667,-2.3888888888888893,100.0,0.0,
2022-12-05T03:00:00,1.798611111111111,4.583333333333333,-2.2222222222222223,100.0,0.0,
2022-12-05T04:00:00,1.8819444444444444,4.645833333333334,-2.0833333333333335,100.0,0.0,
2022-12-05T05:00:00,1.9722222222222223,4.708333333333333,-1.9444444444444444,100.0,0.0,
2022-12-05T06:00:00,2.0833333333333335,4.569444444444444,-1.8611111111111118,100.0,3.6,0.0
2022-12-05T07:00:00,2.1805555555555554,4.409722222222222,-1.8333333333333337,100.0,7.15,0.0
2022-12-05T08:00:00,2.2916666666666665,4.263888888888888,-1.7916666666666674,100.0,10.75,0.0
2022-12-05T09:00:00,2.388888888888889,3.9791666666666665,-0.8750000000000016,99.95,81.425,0.3
2022-12-05T10:00:00,2.4930555555555554,3.7013888888888884,0.041666666666668246,99.9,152.075,0.5
2022-12-05T11:00:00,2.5902777777777777,3.423611111111111,0.9166666666666659,99.85,222.75,0.8
2022-12-05T12:00:00,2.4652777777777777,3.152777777777778,1.2361111111111118,99.9,257.35,0.9
2022-12-05T13:00:00,2.340277777777778,2.8680555555555554,1.5277777777777777,99.95,291.9,1.05
2022-12-05T14:00:00,2.201388888888889,2.597222222222222,1.8055555555555556,100.0,326.5,1.15
2022-12-05T15:00:00,2.0277777777777777,2.6249999999999996,1.097222222222223,99.85,248.5,0.8500000000000001
2022-12-05T16:00:00,1.8472222222222223,2.652777777777778,0.36111111111111033,99.675,170.5,0.625
2022-12-05T17:00:00,1.6736111111111112,2.694444444444444,-0.33333333333333415,99.525,92.5,0.325
2022-12-05T18:00:00,1.3541666666666667,2.055555555555556,-0.6527777777777781,94.775,61.65,0.225
2022-12-05T19:00:00,1.0138888888888888,1.4305555555555556,-0.9305555555555559,90.07499999999999,30.85,0.1
2022-12-05T20:00:00,0.6805555555555556,0.7916666666666666,-1.2083333333333337,85.325,0.0,
2022-12-05T21:00:00,0.625,0.6944444444444444,-1.1805555555555556,73.325,0.0,
2022-12-05T22:00:00,0.5694444444444444,0.6111111111111112,-1.1527777777777775,61.349999999999994,0.0,
2022-12-05T23:00:00,0.5069444444444445,0.5069444444444445,-1.1388888888888893,49.35,0.0,
2022-12-06T00:00:00,0.5694444444444444,0.5555555555555556,-1.2638888888888882,64.725,0.0,
2022-12-06T01:00:00,0.6180555555555556,0.6041666666666666,-1.3750000000000009,80.125,0.0,
2022-12-06T02:00:00,0.6875,0.6527777777777778,-1.5277777777777777,95.5,0.0,
2022-12-06T03:00:00,0.625,0.6319444444444444,-1.5138888888888897,95.6,0.0,
2022-12-06T04:00:00,0.5833333333333334,0.5972222222222222,-1.4999999999999996,95.75,0.0,
2022-12-06T05:00:00,0.5208333333333334,0.576388888888889,-1.4861111111111116,95.85,0.0,
2022-12-06T06:00:00,0.4861111111111111,0.5277777777777778,-0.9861111111111103,97.25,3.5,0.0
2022-12-06T07:00:00,0.4375,0.4791666666666667,-0.4999999999999992,98.6,7.0,0.0
2022-12-06T08:00:00,0.3888888888888889,0.4305555555555556,-0.027777777777778172,100.0,10.5,0.0
2022-12-06T09:00:00,0.6388888888888888,0.8333333333333333,1.3472222222222205,81.675,91.25,0.3
2022-12-06T10:00:00,0.8958333333333334,1.2291666666666667,2.7222222222222214,63.275000000000006,172.0,0.6
2022-12-06T11:00:00,1.1319444444444444,1.6180555555555556,4.097222222222222,44.95,252.75,0.9
2022-12-06T12:00:00,1.2430555555555554,1.7361111111111112,4.749999999999998,31.65,310.9,1.1
2022-12-06T13:00:00,1.347222222222222,1.8402777777777777,5.402777777777779,18.3,369.1,1.3
2022-12-06T14:00:00,1.4583333333333333,1.9513888888888888,6.041666666666667,5.0,427.25,1.5
2022-12-06T15:00:00,1.1944444444444444,1.5347222222222223,5.222222222222221,7.725,337.6,1.2
2022-12-06T16:00:00,0.9444444444444444,1.125,4.416666666666668,10.425,247.9,0.9
2022-12-06T17:00:00,0.6805555555555556,0.6944444444444444,3.555555555555559,13.15,158.25,0.6
2022-12-06T18:00:00,0.673611111111111,0.6805555555555556,3.1944444444444446,21.475,105.5,0.4
2022-12-06T19:00:00,0.673611111111111,0.673611111111111,2.7777777777777777,29.825,52.75,0.2
2022-12-06T20:00:00,0.6666666666666667,0.6527777777777778,2.361111111111111,38.15,0.0,
2022-12-06T21:00:00,0.7013888888888888,0.6666666666666666,2.1250000000000018,58.775000000000006,0.0,
2022-12-06T22:00:00,0.7222222222222222,0.6944444444444444,1.8888888888888882,79.375,0.0,
2022-12-06T23:00:00,0.75,0.7222222222222222,1.6805555555555547,100.0,0.0,
2022-12-07T00:00:00,0.798611111111111,0.7777777777777777,1.3750000000000009,98.45,0.0,
2022-12-07T01:00:00,0.8541666666666667,0.8333333333333333,1.097222222222223,96.85,0.0,
2022-12-07T02:00:00,0.9236111111111112,0.8958333333333334,0.8194444444444452,95.3,0.0,
2022-12-07T03:00:00,0.9513888888888888,0.9444444444444444,0.8055555555555571,94.375,0.0,
2022-12-07T04:00:00,0.986111111111111,1.0138888888888888,0.7916666666666691,93.4,0.0,
2022-12-07T05:00:00,1.0069444444444444,1.0694444444444444,0.7777777777777809,92.475,0.0,
2022-12-07T06:00:00,0.9722222222222222,1.0833333333333333,0.8472222222222214,82.19999999999999,4.075,0.0
2022-12-07T07:00:00,0.9375,1.0902777777777777,0.9583333333333341,71.925,8.175,0.0
2022-12-07T08:00:00,0.8958333333333334,1.1041666666666667,1.0277777777777786,61.65,12.25,0.0
2022-12-07T09:00:00,1.1319444444444444,1.3194444444444444,2.361111111111111,42.724999999999994,113.35,0.45
2022-12-07T10:00:00,1.347222222222222,1.5208333333333333,3.6944444444444438,23.8,214.4,0.8
2022-12-07T11:00:00,1.5625,1.7430555555555556,5.041666666666668,4.875,315.5,1.15
2022-12-07T12:00:00,1.5,1.5694444444444444,5.583333333333332,3.95,368.925,1.35
2022-12-07T13:00:00,1.4236111111111112,1.4166666666666665,6.083333333333335,3.125,422.325,1.5
2022-12-07T14:00:00,1.347222222222222,1.2430555555555554,6.624999999999998,2.2,475.75,1.7
2022-12-07T15:00:00,1.2708333333333333,1.1874999999999998,5.847222222222221,15.0,371.9,1.3
2022-12-07T16:00:00,1.1805555555555556,1.1458333333333333,5.0972222222222205,27.7,268.1,1.0
2022-12-07T17:00:00,1.1041666666666667,1.090277777777778,4.319444444444444,40.5,164.25,0.6
2022-12-07T18:00:00,0.9652777777777778,0.9583333333333334,3.9722222222222214,60.325,109.5,0.4
2022-12-07T19:00:00,0.8194444444444443,0.8194444444444444,3.569444444444443,80.15,54.75,0.2
2022-12-07T20:00:00,0.6875,0.7013888888888888,3.1944444444444446,99.975,0.0,
2022-12-07T21:00:00,0.6319444444444444,0.6388888888888888,3.0138888888888875,99.7,0.0,
2022-12-07T22:00:00,0.5972222222222223,0.5902777777777778,2.819444444444446,99.45,0.0,
2022-12-07T23:00:00,0.5416666666666667,0.5277777777777778,2.638888888888889,99.175,0.0,
2022-12-08T00:00:00,0.5625000000000001,0.5555555555555556,2.7083333333333335,99.45,0.0,
2022-12-08T01:00:00,0.5902777777777778,0.5972222222222222,2.7500000000000018,99.7,0.0,
2022-12-08T02:00:00,0.6041666666666666,0.625,2.819444444444442,99.975,0.0,
2022-12-08T03:00:00,0.7638888888888888,0.7916666666666666,2.9166666666666665,99.975,0.0,
2022-12-08T04:00:00,0.9375,0.9583333333333334,3.0277777777777795,100.0,0.0,
2022-12-08T05:00:00,1.0972222222222223,1.125,3.111111111111112,100.0,0.0,
2022-12-08T06:00:00,0.9097222222222222,0.9444444444444444,3.291666666666665,100.0,2.325,0.0
2022-12-08T07:00:00,0.7083333333333333,0.7569444444444444,3.4999999999999982,100.0,4.675,0.0
2022-12-08T08:00:00,0.5069444444444444,0.5555555555555556,3.6805555555555554,100.0,7.0,0.0
2022-12-08T09:00:00,0.9513888888888888,1.1805555555555556,4.749999999999998,70.375,89.75,0.3
2022-12-08T10:00:00,1.3819444444444444,1.8055555555555556,5.791666666666665,40.825,172.5,0.6499999999999999
2022-12-08T11:00:00,1.8333333333333333,2.4305555555555554,6.819444444444444,11.2,255.25,0.95
2022-12-08T12:00:00,1.9791666666666665,2.479166666666667,7.236111111111111,16.175,325.85,1.2
2022-12-08T13:00:00,2.125,2.5138888888888884,7.666666666666665,21.2,396.4,1.45
2022-12-08T14:00:00,2.2708333333333335,2.5625,8.069444444444445,26.175,467.0,1.7
2022-12-08T15:00:00,2.048611111111111,2.458333333333333,7.11111111111111,19.125,364.575,1.3
2022-12-08T16:00:00,1.8472222222222223,2.368055555555556,6.138888888888891,12.05,262.175,0.975
2022-12-08T17:00:00,1.6319444444444444,2.25,5.180555555555557,5.0,159.75,0.575
2022-12-08T18:00:00,1.4791666666666667,1.8958333333333333,4.597222222222221,17.05,106.525,0.4
2022-12-08T19:00:00,1.3194444444444444,1.5208333333333333,4.000000000000002,29.049999999999997,53.224999999999994,0.2
2022-12-08T20:00:00,1.159722222222222,1.159722222222222,3.3750000000000018,41.1,0.0,
2022-12-08T21:00:00,1.3333333333333333,1.6527777777777777,3.1527777777777763,60.725,0.0,
2022-12-08T22:00:00,1.5069444444444444,2.138888888888889,2.8888888888888906,80.375,0.0,
2022-12-08T23:00:00,1.6805555555555554,2.611111111111111,2.638888888888889,100.0,0.0,
2022-12-09T00:00:00,1.3333333333333333,1.9374999999999998,2.513888888888888,100.0,0.0,
2022-12-09T01:00:00,0.9930555555555555,1.2708333333333333,2.4305555555555554,100.0,0.0,
2022-12-09T02:00:00,0.6319444444444445,0.5833333333333334,2.305555555555555,100.0,0.0,
2022-12-09T03:00:00,0.6805555555555556,0.6597222222222222,2.2916666666666665,100.0,0.0,
2022-12-09T04:00:00,0.7291666666666666,0.7222222222222221,2.2638888888888866,100.0,0.0,
2022-12-09T05:00:00,0.7777777777777777,0.798611111111111,2.2499999999999982,100.0,0.0,
2022-12-09T06:00:00,0.6944444444444444,0.7430555555555555,2.3888888888888875,100.0,2.7750000000000004,0.0
2022-12-09T07:00:00,0.625,0.6875,2.5277777777777763,100.0,5.475,0.0
2022-12-09T08:00:00,0.5555555555555556,0.6319444444444444,2.666666666666665,100.0,8.25,0.0
2022-12-09T09:00:00,0.6458333333333334,0.7847222222222222,3.888888888888889,100.0,88.4,0.3
2022-12-09T10:00:00,0.7222222222222222,0.9305555555555556,5.1111111111111125,99.975,168.6,0.6
2022-12-09T11:00:00,0.8125,1.0763888888888888,6.3611111111111125,99.975,248.75,0.9
2022-12-09T12:00:00,0.9375,1.2222222222222223,7.083333333333333,98.375,304.825,1.1
2022-12-09T13:00:00,1.0625,1.3680555555555556,7.833333333333333,96.725,360.925,1.3
2022-12-09T14:00:00,1.2013888888888888,1.5208333333333333,8.527777777777779,95.125,417.0,1.5
2022-12-09T15:00:00,1.0625,1.284722222222222,7.819444444444446,96.675,325.0,1.2
2022-12-09T16:00:00,0.9166666666666666,1.0555555555555556,7.11111111111111,98.25,233.0,0.8
2022-12-09T17:00:00,0.7708333333333333,0.8055555555555555,6.3611111111111125,99.8,141.0,0.5
2022-12-09T18:00:00,0.8263888888888887,0.8402777777777777,6.027777777777779,97.05,94.0,0.3
2022-12-09T19:00:00,0.8541666666666667,0.8541666666666667,5.694444444444445,94.275,47.0,0.2
2022-12-09T20:00:00,0.9027777777777778,0.888888888888889,5.347222222222222,91.525,0.0,
2022-12-09T21:00:00,0.9236111111111112,0.8958333333333334,5.0,87.7,0.0,
2022-12-09T22:00:00,0.9305555555555556,0.8958333333333334,4.625000000000002,83.825,0.0,
2022-12-09T23:00:00,0.9444444444444444,0.9027777777777778,4.249999999999999,80.0,0.0,
2022-12-10T00:00:00,0.9375,0.9097222222222222,3.9583333333333335,55.025000000000006,0.0,
2022-12-10T01:00:00,0.9305555555555556,0.9097222222222222,3.6388888888888875,29.975,0.0,
2022-12-10T02:00:00,0.9166666666666666,0.9166666666666666,3.3333333333333335,5.0,0.0,
2022-12-10T03:00:00,1.0555555555555556,1.0555555555555556,2.986111111111111,10.45,0.0,
2022-12-10T04:00:00,1.1805555555555556,1.1666666666666667,2.680555555555557,15.925,0.0,
2022-12-10T05:00:00,1.3194444444444444,1.3055555555555556,2.347222222222223,21.375,0.0,
2022-12-10T06:00:00,1.340277777777778,2.145833333333333,2.180555555555554,14.35,3.85,0.0
2022-12-10T07:00:00,1.3541666666666667,2.993055555555556,1.9861111111111127,7.35,7.65,0.0
2022-12-10T08:00:00,1.3611111111111112,3.8541666666666665,1.7916666666666634,0.325,11.5,0.0
2022-12-10T09:00:00,1.9583333333333335,3.944444444444444,3.1666666666666683,0.2,114.925,0.5
2022-12-10T10:00:00,2.5277777777777777,4.027777777777778,4.541666666666665,0.125,218.325,0.9
2022-12-10T11:00:00,3.104166666666666,4.118055555555555,5.916666666666666,0.0,321.75,1.2
2022-12-10T12:00:00,3.256944444444444,4.131944444444445,6.263888888888888,1.7,374.85,1.4
2022-12-10T13:00:00,3.4027777777777777,4.152777777777778,6.624999999999998,3.3,427.9,1.5
2022-12-10T14:00:00,3.5624999999999996,4.159722222222222,6.944444444444445,5.0,481.0,1.7
2022-12-10T15:00:00,3.4236111111111107,4.541666666666667,5.833333333333333,8.4,376.5,1.3
2022-12-10T16:00:00,3.2777777777777777,4.909722222222222,4.694444444444446,11.725,272.0,1.0
2022-12-10T17:00:00,3.125,5.284722222222221,3.569444444444443,15.125,167.5,0.6
2022-12-10T18:00:00,2.8472222222222223,5.083333333333333,2.8611111111111103,43.275,111.675,0.4
2022-12-10T19:00:00,2.576388888888889,4.888888888888889,2.166666666666666,71.44999999999999,55.825,0.2
2022-12-10T20:00:00,2.2916666666666665,4.694444444444445,1.4861111111111096,99.6,0.0,
2022-12-10T21:00:00,2.0208333333333335,3.923611111111111,0.8888888888888897,68.05,0.0,
2022-12-10T22:00:00,1.7361111111111112,3.1527777777777777,0.26388888888888967,36.550000000000004,0.0,
2022-12-10T23:00:00,1.465277777777778,2.3958333333333335,-0.33333333333333415,5.0,0.0,
2022-12-11T00:00:00,1.4305555555555556,2.298611111111111,-0.5833333333333337,4.35,0.0,
2022-12-11T01:00:00,1.4097222222222223,2.2083333333333335,-0.8194444444444433,3.65,0.0,
2022-12-11T02:00:00,1.3819444444444444,2.1041666666666665,-1.083333333333333,3.0,0.0,
2022-12-11T03:00:00,1.3124999999999998,1.9305555555555556,-1.1805555555555556,28.925,0.0,
2022-12-11T04:00:00,1.2430555555555554,1.7430555555555554,-1.2916666666666663,54.825,0.0,
2022-12-11T05:00:00,1.159722222222222,1.5555555555555554,-1.402777777777777,80.75,0.0,
2022-12-11T06:00:00,0.8958333333333334,1.2361111111111112,-1.1249999999999991,86.57499999999999,3.575,0.0
2022-12-11T07:00:00,0.625,0.9027777777777778,-0.8472222222222234,92.4,7.175000000000001,0.0
2022-12-11T08:00:00,0.3611111111111111,0.576388888888889,-0.5416666666666674,98.225,10.75,0.0
2022-12-11T09:00:00,0.576388888888889,0.6666666666666667,0.6527777777777762,89.65,91.35,0.3
2022-12-11T10:00:00,0.798611111111111,0.7708333333333333,1.8333333333333317,81.075,171.9,0.6
2022-12-11T11:00:00,1.0208333333333333,0.8611111111111112,3.0138888888888875,72.5,252.5,0.9
2022-12-11T12:00:00,0.875,0.6944444444444444,3.7083333333333317,48.8,326.9,1.2
2022-12-11T13:00:00,0.75,0.5277777777777778,4.388888888888888,25.1,401.35,1.4
2022-12-11T14:00:00,0.625,0.3680555555555556,5.069444444444445,1.4,475.75,1.7
2022-12-11T15:00:00,0.736111111111111,0.5625,4.2777777777777795,0.95,374.15,1.3
2022-12-11T16:00:00,0.8402777777777777,0.7430555555555555,3.4861111111111103,0.45,272.6,1.0
2022-12-11T17:00:00,0.9722222222222222,0.9375,2.666666666666665,0.0,171.0,0.6
2022-12-11T18:00:00,0.9305555555555555,0.8958333333333334,2.180555555555554,1.7,113.975,0.4
2022-12-11T19:00:00,0.8958333333333334,0.8680555555555556,1.6666666666666667,3.3,57.025000000000006,0.2
2022-12-11T20:00:00,0.8472222222222221,0.8194444444444444,1.1805555555555556,5.0,0.0,
2022-12-11T21:00:00,0.6944444444444444,0.6666666666666667,1.0138888888888904,36.7,0.0,
2022-12-11T22:00:00,0.5277777777777778,0.5277777777777778,0.8333333333333334,68.3,0.0,
2022-12-11T23:00:00,0.375,0.375,0.6388888888888881,100.0,0.0,
2022-12-12T00:00:00,0.3333333333333333,0.3263888888888889,0.5138888888888873,98.975,0.0,
2022-12-12T01:00:00,0.2708333333333333,0.2916666666666667,0.40277777777777857,97.975,0.0,
2022-12-12T02:00:00,0.22916666666666669,0.23611111111111113,0.25000000000000155,96.95,0.0,
2022-12-12T03:00:00,0.25,0.25,0.26388888888888967,97.975,0.0,
2022-12-12T04:00:00,0.2708333333333333,0.2638888888888889,0.26388888888888967,98.975,0.0,
2022-12-12T05:00:00,0.2777777777777778,0.2777777777777778,0.2777777777777778,100.0,0.0,
2022-12-12T06:00:00,0.2569444444444445,0.2638888888888889,0.625,100.0,3.1,0.0
2022-12-12T07:00:00,0.22916666666666666,0.2361111111111111,0.9861111111111103,100.0,6.15,0.0
2022-12-12T08:00:00,0.19444444444444445,0.20833333333333331,1.3333333333333366,100.0,9.25,0.0
2022-12-12T09:00:00,0.3958333333333333,0.4375,2.6111111111111125,84.825,87.75,0.3
2022-12-12T10:00:00,0.5833333333333334,0.673611111111111,3.888888888888889,69.6,166.25,0.575
2022-12-12T11:00:00,0.7847222222222222,0.9027777777777778,5.138888888888889,54.425,244.75,0.875
2022-12-12T12:00:00,0.6458333333333334,0.736111111111111,5.833333333333333,53.075,318.85,1.175
2022-12-12T13:00:00,0.5277777777777778,0.5555555555555556,6.48611111111111,51.8,392.9,1.4
2022-12-12T14:00:00,0.38888888888888884,0.38888888888888884,7.16666666666667,50.45,467.0,1.7
2022-12-12T15:00:00,0.5972222222222222,0.5833333333333334,6.25,35.275,365.725,1.3
2022-12-12T16:00:00,0.7916666666666666,0.7916666666666666,5.333333333333334,20.175,264.525,1.0
2022-12-12T17:00:00,0.9999999999999999,0.9999999999999999,4.430555555555556,5.0,163.25,0.6
2022-12-12T18:00:00,0.8263888888888887,0.8263888888888887,3.916666666666665,3.3249999999999997,108.825,0.4
2022-12-12T19:00:00,0.6666666666666666,0.6666666666666666,3.4027777777777777,1.7,54.425,0.2
2022-12-12T20:00:00,0.513888888888889,0.513888888888889,2.8749999999999982,0.025,0.0,
2022-12-12T21:00:00,0.4791666666666667,0.4861111111111111,2.638888888888889,22.35,0.0,
2022-12-12T22:00:00,0.4375,0.4444444444444445,2.375000000000003,44.65,0.0,
2022-12-12T23:00:00,0.4027777777777778,0.41666666666666663,2.1111111111111094,66.975,0.0,
